mean_acc_x,mean_acc_y,mean_acc_z,std_acc_x,std_acc_y,std_acc_z,min_acc_x,max_acc_x,range_acc_y,energy_acc_z,mean_gyro_x,std_gyro_y,max_gyro_z,label,base_label,label_encoded
0.1155720967025723,0.0521414973656972,-0.1350409940525015,0.4154891271877596,0.3935045241290323,0.2071108359326051,-0.678160201877604,0.8964257900531091,1.4559034496948122,1.4853793125240529,0.4790478326221325,16.554093627907775,39.51252499096802,backward_1,backward,0
0.0530689584733474,0.0017907516852174,-0.0541875858454069,0.2486540882598982,0.2893726266090099,0.1895967818902599,-0.3670637180369813,0.5597665839407593,1.1303414452393352,0.9361339143692604,-0.0133702501179209,21.44390398619136,60.20732045058626,backward_2,backward,0
0.098026066672484,-0.0038783246576413,-0.0617951066754956,0.2909228010688854,0.2831348278640045,0.2689905297969684,-0.3444386840518098,0.6837923601101712,1.2763985187601916,1.832007603116787,-2.6614929486815773,13.918045730173654,45.31357011439248,backward_3,backward,0
0.1372910242897044,0.1795255086380655,-0.060960956529512,0.3507631608940464,0.4874209520322841,0.3655179387578649,-0.4792451280529051,0.8550346747107802,1.701638527171761,3.299386680815985,0.2560128672316911,23.40816702271817,38.35463153701554,backward_4,backward,0
-0.030497714408777,0.1103442856519142,-0.1128534670542657,0.3201549701852676,0.2055273955435057,0.3679244209505376,-0.732817635770291,0.4016338020711392,0.7721206830501556,3.5672387344171272,-4.864214816736482,17.924968373675814,48.48811021796344,backward_5,backward,0
0.0346372309375255,0.1697972536422868,-0.0163068385337412,0.3791862403827311,0.3086009365904046,0.2368708708553303,-0.5609005637132749,0.5227120754661412,1.0291118693307042,1.3532352516084394,-1.4764629632631516,11.666786142257218,25.94757105308204,backward_6,backward,0
0.0326700398951339,0.1377602285591884,-0.1960730194811304,0.6478672186204645,0.2207414385335375,0.2508393481645445,-1.057621040410809,0.9814076277543232,0.9785451339467366,2.47120481031392,-0.2798357149550224,17.58464838182418,20.830481607103504,backward_7,backward,0
0.0358499190179952,-0.1480455589270626,0.0065751339820305,0.5675932823549369,0.2171143618491621,0.2892451679837685,-1.0157234246735274,0.8020017854575439,0.7113621752874553,2.008987222519045,-2.994166454344104,9.276079179438286,31.534748780950885,backward_8,backward,0
0.0799582342193784,-0.3055362954258898,0.0917884387470086,0.2689366207114013,0.3249314702977793,0.3799988047934373,-0.3046662675211578,0.6307645610683908,1.142093294364102,3.6762061366569134,0.8598994124348676,7.751054721625199,28.779040060775987,forward_1,forward,1
-0.0484516429992019,-0.2167518070244392,-0.0333458355476597,0.3062568721760995,0.4452391359073075,0.3343658773632443,-0.5747345090351998,0.4185490289617143,1.823556929007793,2.7110115773867007,1.513257121174206,13.398735606205294,31.80668798162252,forward_2,forward,1
0.1250353696959796,-0.1966008864892388,-0.0795818330533703,0.4116035649028237,0.3685755211748964,0.5120658839725559,-0.527282116021514,0.9335918350463112,1.2831879572691025,6.451406972489647,-1.5968701397209415,11.60178327220908,49.16506768358579,forward_3,forward,1
-0.0224513781131177,-0.0702737625231898,-0.0524893593965717,0.4315529827433773,0.3097217705753028,0.471495948454682,-0.6385194081078469,0.5270408229499436,1.2902294391813376,5.179217064807844,-0.8779032168590241,10.471450309315257,43.32323111230109,forward_4,forward,1
0.038376241281211,-0.0132261577074632,-0.198792204400877,0.4086282499608434,0.2152265721499588,0.4418953493518422,-0.6511803458613343,0.5850896796371787,0.800323367383927,5.674474507954884,-0.4523364768835218,9.223894659510565,38.5383520143673,forward_5,forward,1
0.0374814507642095,0.0691213335552761,-0.2243194042300999,0.4763920638445206,0.4277035250118743,0.3177599851799905,-0.8453267013581097,0.7750461201232299,2.006903690950076,3.681293674211781,0.7042432010766118,7.388732726719761,30.607531476591976,forward_6,forward,1
0.0515575103378948,-0.2678304127085397,0.060872522264415,0.4304971422117651,0.2343298004154519,0.4023325984434254,-0.583109041827023,0.7590663973797733,0.950413395957326,3.9775530736565177,-0.0717270041805083,11.686945594504282,52.46223222238272,forward_7,forward,1
0.0433029873548559,-0.2008497229138786,-0.1799078308646857,0.3564202385797754,0.3998759561368846,0.4343338666358676,-0.4820721973984688,0.6521214882091805,1.3061573586723207,5.336672475125638,-1.889453622946288,12.178439881932883,46.54208243096629,forward_8,forward,1
0.1137176672270474,0.2625420989904791,-0.1561475892700592,0.5268325303985363,0.2889896495082319,0.1733783112505923,-0.7332248429447413,0.8998531828634441,0.8572944071102142,1.3309926723618528,1.6526648556304415,5.744628026751101,89.33316567165848,left_1,left,2
0.0714743400123434,0.1606482588649843,-0.1545692422207395,0.3721546926135646,0.180469584501305,0.1097110486109373,-0.6285533829539268,0.767152661024158,0.709476381024917,0.8861676065128161,0.9099727608976508,7.81426112054263,84.4280079456248,left_2,left,2
0.0045654076957628,0.0519865028136591,-0.0907242784580707,0.3229005763936046,0.0755177513831783,0.1332705478635444,-0.8127058523044611,0.4474416098688356,0.2726081790943443,0.6320373018118218,1.3537870695164629,3.9402668909835374,59.242885445439946,left_3,left,2
-0.0226340473614205,0.0443869037164802,-0.0712149341174264,0.5246480660641543,0.0860538449711794,0.1358980592277191,-0.963764908573106,0.8727156654627247,0.3913013255315273,0.5700279510783908,-2.5568793013153543,5.37148786998092,63.66069961192839,left_4,left,2
-0.0968922415668959,-0.0061689558583671,-0.109752732353576,0.427865663349757,0.1154904557283384,0.1905681444036046,-0.8815726139121378,0.6127666413301044,0.4618013728164135,1.1727307803512868,-0.773309806448038,11.16653234893652,65.57535736459604,left_5,left,2
-0.1494256375396402,-0.0225962464282348,-0.0605196592590927,0.5040566419380632,0.1622814701818732,0.1390333053878895,-0.9801857310185832,0.6891739727767556,0.5863525440508623,0.5554919690908893,0.3652815304553835,6.785796467874562,60.85715557652395,left_6,left,2
-0.0049954847397159,0.0759213462600117,-0.1330320460936625,0.3560313271393593,0.1340473522393528,0.1314234952111998,-0.5304898796028147,0.7735173493954042,0.4537639045722781,0.8569693744413371,0.9613534850831064,7.359529510952293,70.54040833644265,left_7,left,2
0.0714266910787154,0.0679832372873524,-0.151751792546755,0.2930702804370197,0.1940782084384739,0.1562398486933623,-0.3641335225903987,0.7244099605873227,0.5574251792202889,1.1615765312022286,-1.346913528940131,9.930295903395036,67.12871518564296,left_8,left,2
0.086553067076193,-0.0209342783593187,-0.0305286142268935,0.5410627014494194,0.1159948099842187,0.1470468289398561,-0.8176418303533642,0.9865376256669685,0.43832566829438,0.542246384795778,-2.8532637022823626,6.15364563423275,-15.684694722899463,right_1,right,3
0.1286784303452593,0.0180399557761137,-0.1403908719540715,0.6223702198482942,0.1027905274123326,0.161362093594071,-0.7930391359664126,1.0020033271671585,0.44227305177778,1.1176453291780943,-1.035850632795302,6.331428656317222,5.391054181937219,right_2,right,3
0.1491418173222572,-0.0503381333542456,-0.0599456961728214,0.589130432967113,0.1326121143810348,0.2405445811121282,-1.0605451623096318,0.9471521827202292,0.4514699776422977,1.478517854298928,-1.4745955240880897,6.099133778479903,-11.779292589298391,right_3,right,3
-0.1475713517103696,0.0227304123220965,-0.0291163115314145,0.596196095804668,0.1272403298932365,0.0954849452655375,-1.1293085073819753,0.8830960143451019,0.4450531255634128,0.2400109844665644,-2.7208569858169325,5.087017794176614,-12.22993233441392,right_4,right,3
0.0594326828523107,-0.0564412979616378,-0.0146080745196084,0.5528140600720737,0.1321775433489508,0.1055208649579795,-0.9262828661753236,0.9298729996217788,0.4673638365556671,0.2725665666247846,-2.044516590362351,3.3127337021941954,-13.207216803691043,right_5,right,3
0.1805739944123646,0.0055566429728557,-0.0304996090816835,0.5092107164672995,0.121237589020592,0.160851892040391,-0.6924794002237914,0.8535778561920673,0.4840931964451074,0.6442156020047548,-2.794761827581794,4.665518609617112,-14.24390075302234,right_6,right,3
0.1386436002097017,0.0075006244411061,-0.0337224948287924,0.5296032069059827,0.1466698599247144,0.1442652285627145,-0.7835328299722074,0.9285166896419972,0.6210638893683254,0.5279291145710026,-2.120418986005756,5.7924454089624176,-19.467659170030103,right_7,right,3
0.0967406226653034,0.008194750420009,-0.0979143329751829,0.514687143304452,0.095737526217489,0.1310966269057974,-0.8341001036034152,0.8500395113850384,0.2923772354732453,0.6521522291152435,-2.4295164053127705,4.813130984171197,-6.409219339764936,right_8,right,3
0.3303730964922167,-0.0693758491939335,0.0512351486346245,0.3188247389688216,0.2996964847314205,1.1337480094537984,-0.1718161665303011,1.0680915298750997,1.2906053744346897,30.9148551859611,0.9212845004467696,19.55033612367586,46.54501189910131,stairs_down_1,stairs_down,4
-0.0007008395385551,-0.232842610554246,0.0239841154267827,0.3430517338738794,0.2965731973981937,0.8943574110883598,-0.5834845679150521,0.6461250900320709,1.0227988137263804,19.21138523526829,1.531789590327255,17.59114884102654,26.1836394662706,stairs_down_2,stairs_down,4
0.0168312342124771,0.0040426935769055,0.188302787630697,0.5527671341142073,0.6461970880195441,1.1725531245061471,-0.7366520701405406,1.4467112073119353,2.231586472175568,33.88358841067637,-1.9460242432673285,18.983579458762133,82.44200818405744,stairs_down_3,stairs_down,4
-0.1737052168598485,-0.0254704435330967,-0.0018639919857345,0.6260835439441795,0.266911060880971,1.1678386663866096,-1.2307378728725016,0.8471363263296519,1.1169360202212633,32.732418478636795,1.852057293359889,15.573688254036394,68.69362388110471,stairs_down_4,stairs_down,4
-0.2788351308979902,0.047976790592118,0.1078249518837014,0.5708987782632962,0.8604637267781682,1.3575400588349185,-1.1209894164913892,1.036642922422662,3.721848259805614,44.52061577841441,5.244337697149174,19.92032027055908,47.45481804808183,stairs_down_5,stairs_down,4
-0.1528710985061071,0.1980812940707524,-0.0140905528670052,1.267228869734857,1.112859452708529,1.0851741535343502,-4.595352983544767,2.172303677601665,4.646330530654837,28.267434235978296,9.148774494074752,19.789818471163887,55.32730200418909,stairs_down_6,stairs_down,4
-0.5085529835960004,0.1933792702262541,-0.0305261584555942,0.8049151785648094,0.9668766097526756,0.9483013608744416,-2.492497053083033,0.7626554177991299,3.7288597411318616,21.60590746362304,2.309270886110207,18.52633465677505,54.97067451960218,stairs_down_7,stairs_down,4
0.0624564680105247,0.1346177419470201,-0.0144460431033811,0.3198496461372298,0.3194798330619938,0.7204050572187254,-0.51416044715479,0.5541370755407588,1.2150210729460418,12.46081991922518,-0.83559744715613,22.225402539477315,50.81500574553449,stairs_down_8,stairs_down,4
0.1087724999216939,-0.0788438190277427,0.099553075943595,0.4148639280001231,0.6403433537434485,1.115802137504322,-0.7215571941981836,0.8675263166587055,2.093828406347372,30.12811621466692,-2.705840297112942,18.72807321471699,46.58209231308639,stairs_up_1,stairs_up,5
0.1811777110023504,-0.174988618535369,-0.3120163690026818,0.7979197430137847,0.4669987567946366,1.2757436314862234,-1.503396748280991,1.3515846025339513,1.756534718772322,41.49437888180421,-7.952673501347874,18.829221729099416,72.06279739677379,stairs_up_2,stairs_up,5
0.1258130767399723,-0.282282575829171,-0.2134897610384902,0.6749652119228838,0.3828540024408867,0.9834004543793898,-0.9740432583857328,1.2977546957645567,1.2198036018213627,24.349281839872965,-8.58125426889124,23.70152770234888,72.77189893502812,stairs_up_3,stairs_up,5
0.1873140293259994,-0.2851563463061186,-0.1967546172075313,0.7993313794254436,0.4607577706294948,0.8982143394641326,-1.1663566518745196,1.3350628721262514,1.624135468039258,20.33074547566778,-7.649377867956996,19.33682387094165,115.72476709501008,stairs_up_4,stairs_up,5
0.1344897369991185,-0.2410750543067029,-0.2751166427038153,0.5540620787434932,0.4572682717713885,0.7905144058781957,-0.8057663767684995,1.103556051131487,1.860971551676616,16.89014179893843,-3.125149757038625,18.93988431503044,61.084016211692415,stairs_up_5,stairs_up,5
0.2286100712331227,-0.0139765754824305,-0.3992021888667962,0.7930597598088945,0.6040749243269976,1.0207542977188817,-1.085796939028986,1.6567241282030938,2.3162087144457546,28.99060376137864,-0.5744686335088379,16.690757049893833,92.96009265427551,stairs_up_6,stairs_up,5
0.2002479200972699,-0.2868272925338399,-0.0700316061817944,0.5484000784075939,0.2659481693632837,0.9551805817900124,-0.5761469258098677,1.1569236205702027,0.9638898026346228,22.019489298499007,-4.952670080321788,15.752246211438534,43.335438730749,stairs_up_7,stairs_up,5
0.2264395526805012,-0.1316932055247575,-0.1910845171720027,0.849918828330953,0.5093499982134762,0.6369288496085423,-1.4122577481811869,1.679207061263621,1.6199520607055722,10.649112944699306,-3.7856149167656574,17.45609360666322,76.03075139886309,stairs_up_8,stairs_up,5
0.0228990283106689,-0.0150596864131704,-0.0462722901550985,0.0158198534872558,0.0145704260627215,0.018570653091521,4.147669908900059e-05,0.0521050228588096,0.058561932953447,0.0642909746472789,-0.5236240160145024,0.8313253983858147,1.4810055702507128,wait_1,wait,6
0.0054656632549708,-0.0423004021726801,-0.0420692016508976,0.0181828199303662,0.0163876802105521,0.0257980471242106,-0.0236059311280399,0.0407631117216962,0.0611596359094976,0.060218384838749,-0.2505523684549551,2.3257930854964304,3.4860138621146946,wait_2,wait,6
0.0363585541355993,-0.0609581721594904,-0.0425250706623454,0.0141695204087609,0.0161730316512426,0.0319878169158518,0.0111971670775488,0.0626117380672134,0.0582643138912817,0.0697668312159461,-1.2771240767425425,0.9993190125124726,0.9689943778648296,wait_3,wait,6
0.0733861176184964,-8.342715316959071e-05,-0.1000651899893561,0.1106832243239293,0.1281595132205702,0.1026850513556891,-0.0629714637979119,0.3866430276507046,0.5227343165240436,0.5033873307162409,-1.263669254804325,3.1539769220451706,7.743732165291637,wait_4,wait,6
0.0283682486035347,-0.0341168985302321,-0.0618693952673114,0.0288581331824156,0.0272401260263055,0.0404607220514133,-0.004358584281886,0.0832591673628473,0.1210672259312867,0.1295203403630273,-0.868284978403981,1.2573393853666663,3.293685795386601,wait_5,wait,6
0.1100495954949851,-0.1536232453698893,-0.0233377382616857,0.0697631536217295,0.0669091203056964,0.0417905034731303,-0.065262063824137,0.2125072864658819,0.2730352600130438,0.055530959012179,-0.18866327157945,1.812061735400181,6.922183066952949,wait_6,wait,6
0.0573270342102129,-0.1284814866786698,-0.0507283397095342,0.0228955841083275,0.0184365674210242,0.0425464715900438,0.033751302210763,0.1188394254755849,0.0642341918231546,0.1077789651164455,-1.1195438308437693,0.5212796182265848,2.11378412723485,wait_7,wait,6
0.0590100530799787,-0.1175450615669473,-0.0257273568805455,0.0397081757873536,0.0397830682846537,0.0279662549415115,0.0155882051107287,0.144815572164487,0.1516200292327006,0.0353180962723607,-0.6070393162701202,1.1226670016557827,0.5023820245998586,wait_8,wait,6
-0.1299584093893873,0.0768628585615038,0.0212132825425446,0.3379396070249402,0.3216984765944169,0.1440691459874544,-0.4950575046148524,0.5414305852657556,1.0373017808836698,0.5093921357190528,-1.6812881397461137,7.3972166502135455,10.312083431988674,backward_9,backward,0
-0.0435670015191839,0.0955710270747848,0.0390015505144706,0.4341102273958367,0.2838502545392177,0.1137678864837447,-0.8814537781764565,0.6700725256386523,0.9973115404441952,0.3631274443803089,2.7049782697303684,15.16740258692854,16.098280151044364,backward_10,backward,0
-0.1375262468822548,0.0980070702955911,0.0131404780017713,0.3497705672129241,0.3465498687740332,0.2142389608383718,-0.4787471446289866,0.6721669284570961,1.2419025624525548,1.1058767802394058,-3.743826977744999,13.15482683793998,22.267094590516688,backward_11,backward,0
0.0323976823955585,0.1771069340712547,0.0397433438488086,0.2294875208205544,0.3024372249691288,0.2150620987687222,-0.5027887327078264,0.2591538898729252,0.9226282307383418,1.1495292863504996,-0.1318905048196513,11.59694060088334,16.76468019326662,backward_12,backward,0
-0.198483610045652,0.1293493124646273,-0.0268925332232927,0.3702330013686004,0.3110786567693738,0.2350169122964644,-0.8344854423526675,0.4290320162346585,1.0820119771301746,1.3996271435564147,-3.4306598366100856,10.73439424575824,9.110569060279277,backward_13,backward,0
-0.1404307712843086,0.083530704924342,0.0408985788830598,0.3539289178989152,0.2982608346143481,0.2149817739788854,-0.8222982827280959,0.4603919581096386,0.9760409642350674,1.1510292593009528,-1.258765918205938,9.958047969238702,6.511558966929634,backward_14,backward,0
-0.0881365683421157,0.0621468238230735,-0.0576106754055897,0.2859043762227468,0.3813973606413934,0.316066347377698,-0.4487906218492736,0.3720523292376659,1.2852508226960897,2.480525210689518,-2.0397537146121043,8.574422194588715,9.717311498214976,backward_15,backward,0
0.0233636754219823,-0.0175824706590612,0.1098745089163044,0.4497528939086412,0.3906229668444475,0.2533779772449073,-0.7726638755889794,0.5776681769071332,1.3612187166748444,1.842619777205276,-1.1004618908478765,5.66138925234836,9.30772187303014,backward_16,backward,0
-0.1143857975782429,-0.1507806663205047,-0.0311069705796877,0.3308726604518278,0.3351414833439307,0.4559465372632479,-0.7578601317335665,0.4341946085491776,1.2617554977226255,5.013484966682452,-0.4772799963881915,6.155784278336039,10.013027441161071,forward_9,forward,1
-0.0947016773323023,-0.090246441750124,0.1507364511363625,0.3039237430777018,0.3778071805868803,0.3572824121100779,-0.6659765420778467,0.319994301938787,1.2820713597162812,3.631654270606318,0.8698058400820087,3.228463868789878,12.774858999040063,forward_10,forward,1
-0.0723182567519188,-0.0580481986130078,0.2008366211479822,0.4344707243500666,0.4732213187141714,0.3896062434217576,-0.7249831719784438,0.6197991812751813,1.725626867133081,4.651416307770586,0.8405181023305945,14.900603325132764,26.865131835992383,forward_11,forward,1
-0.2076417044826904,-0.0634855430062661,-0.0171006313400546,0.5195536949609944,0.4201445977780157,0.443645757954431,-1.0381556358470767,0.6959588909830525,1.7014627322134377,4.73102819502879,-1.363017672908185,15.53664168752267,34.29182703943173,forward_12,forward,1
-0.1087045202451191,-0.0248280720965097,0.0824123982295155,0.3709301078918181,0.5261574564439341,0.4788129406772806,-0.975467080643773,0.4110231160091236,1.7078455358922475,5.672079056389108,0.4781485021833012,12.925019088912713,29.83406275497843,forward_13,forward,1
-0.0959697087276945,0.0047558910437643,0.107972241657871,0.3727889922490213,0.531878689513388,0.4966903109775804,-0.8713133316906541,0.4799660645652283,1.860938248541951,6.212280484671775,-2.187340940943848,8.276729274859697,22.549027040962976,forward_14,forward,1
-0.12984932816109,-0.0035851607238987,0.0294926111367444,0.5466694308903732,0.4201658075754133,0.380272447660894,-1.0501835729266518,0.6400280814813565,1.591152482102116,3.492316579591758,1.3900738693255152,12.999823384633984,24.85698108792776,forward_15,forward,1
0.0225379813836912,-0.0829181431299258,0.1526364169372757,0.4332517832422978,0.4404434862623191,0.3556723269959693,-0.5724227432277984,0.697438878488168,1.5882304669176042,3.618514194963711,-1.233396793881526,8.51930488394671,11.5438162681335,forward_16,forward,1
-0.0813708616776548,0.1105279276217659,1.740043729346219e-05,0.2762617844271754,0.1253579105827758,0.1661483062531723,-0.7676533527328321,0.309034951245319,0.4491534004890917,0.662526239668531,-3.97562733869647,15.74864201179454,63.22599563729752,left_9,left,2
-0.0253648582754226,0.1117183461976011,0.0285451907802522,0.439272135133405,0.0914739595834917,0.195807014744819,-0.6914248350565135,0.5585243507142736,0.376786979681452,0.9405399864756916,-1.0700426437525803,7.571794865682786,47.75219114433095,left_10,left,2
-0.0530995285358753,0.1041590979129314,0.0240098055535157,0.4692530798654629,0.1500166026000305,0.1189110624400957,-0.8424767333675176,0.5981570464203507,0.6218174842146037,0.3537679475631174,0.0915335194228418,8.077571259489424,50.954071129111625,left_11,left,2
-0.0465196157403367,0.1193206990748226,0.0038877914767463,0.3394100843411478,0.1036181415869988,0.0852959901227991,-0.5859051863113603,0.4696687817232683,0.4006219703250129,0.1749876154088542,0.7237762532959551,8.992640368066187,61.33804938843595,left_12,left,2
-0.0367758961372097,0.1697557278433591,-0.0643159270777145,0.4607834193717037,0.2246268599409669,0.1626201434799312,-0.6654937416100128,0.7287146939634904,0.7332714293393492,0.7381009274670494,2.965894249591267,6.5707793303901845,52.3958229761016,left_13,left,2
-0.0466546616379921,0.1197738169365763,0.0001578961186985,0.3310887523044679,0.1461267493017979,0.1300873779412879,-0.5491722415945679,0.4873113840001076,0.4863871233750878,0.4061460448709553,0.7253879041633285,5.2920733080255165,43.719174126245946,left_14,left,2
0.0067626626327673,0.139286965150838,-0.0228877039477407,0.3859904177338908,0.2222857059247027,0.164055547642909,-0.6569180236902833,0.6287923355024307,0.6966473920103908,0.6590375198979408,2.435239640024707,8.383982157780268,58.57358154829207,left_15,left,2
-0.0154822732376629,0.1236921467594494,-0.0457216007071296,0.3704190282473923,0.1576078769338373,0.1058485455800875,-0.5430212519906834,0.6558531051790342,0.5083981426879762,0.321155569714632,1.0049544765101763,7.09237523700694,49.99556814325948,left_16,left,2
0.0413704934100608,0.1170524125872145,0.0257257755539933,0.387942700962965,0.1923248458585527,0.1623498252112903,-0.5940498960559443,0.6907551191014052,0.6488758792710303,0.6491245661036378,-0.1857035861361481,10.20326798283618,-12.0477819183385,right_9,right,3
-0.1107214641224378,0.133797027426352,-0.0095103667651931,0.3745439600924717,0.0935665614915465,0.1533735526293342,-0.7253916943271458,0.580631589636728,0.3629415363268553,0.5668238964076484,-1.9797507312802909,4.7561270090469785,-5.898732865270644,right_10,right,3
-0.0454798808371593,0.1382487512040614,-0.0048371664744377,0.417252025059596,0.0812539442810536,0.1123302775385261,-0.7640402798465918,0.6165617227641306,0.2633362882974743,0.3034191445327111,-0.6466424751037253,6.455294965459377,-1.8063429194918563,right_11,right,3
-0.0873822050931031,0.1237056314846038,0.0021349171022415,0.3436619334362749,0.077232395304556,0.0976880553387147,-0.6053771375202573,0.4560637863190099,0.3551027957831819,0.229144894516471,-1.4899588792924203,5.054124773200401,-9.68026403989264,right_12,right,3
-0.0827026818829364,0.141710657499054,-0.0048858816977679,0.3169912261663276,0.0888909375698978,0.0643174757030044,-0.5800139911146089,0.4277162793805449,0.3492923559387525,0.0998785003384721,-0.2505270641604382,4.4133535098891405,-13.598875047870475,right_13,right,3
-0.1134162183302728,0.1287343952961669,-0.0285495708787958,0.3962665649602289,0.1029057556080254,0.0738403238796488,-0.802264358170284,0.557243246782124,0.3972708089111248,0.1449669208417044,0.4202862693105391,5.4077490852722345,-4.1486691659684345,right_14,right,3
-0.012573535088342,0.1667002679756956,-0.0287170709032192,0.32057218260346,0.0983690624690439,0.1511168360384866,-0.5143163628889713,0.5490382618709282,0.3513541594843068,0.545026940958758,-5.935093367534385,9.704171047019598,-5.051171774103803,right_15,right,3
-0.0664346510360931,0.0956960792232443,0.0145157929314335,0.3455671589294881,0.0870374248377145,0.0875274857999227,-0.7941159982082744,0.4934040675454959,0.3767560389894246,0.1891331646016426,-0.4045427574704437,4.7372377972220505,-12.701460192508302,right_16,right,3
-0.080891305245421,0.1026150020684266,0.1580966311391491,0.3787216331759644,0.2856767660292116,0.7015564441548796,-0.7328878441557659,0.6806643910733362,1.0047502049804726,12.437218283484432,-13.57180305365248,19.730927928831125,86.87596960076273,stairs_down_9,stairs_down,4
-0.0254890108222124,0.0714972567288404,-0.108407649675411,0.1810137527268748,0.4060662459795206,1.0762997574394408,-0.3402632195181772,0.3996952157399305,1.6502546399280429,28.09591349144445,-11.656488717034351,13.180253323987769,13.82409046122262,stairs_down_10,stairs_down,4
0.0930391612457004,0.2304184362636729,0.4685969770164654,0.3191399338338705,0.5627008903888414,1.2622255381086758,-0.510383526085224,0.6911335312662645,1.930560884631276,41.9139011530912,-21.174024277665115,10.69854604509744,14.543511020815863,stairs_down_11,stairs_down,4
0.0665010144731104,0.1254426930806879,0.0965054181685765,0.2732301093321945,0.6991630488131142,1.3032344738940873,-0.4812417013910783,0.5875192704444938,2.3458059072647988,40.99491464810127,-15.987617646812303,15.036453446260246,17.016176637752412,stairs_down_12,stairs_down,4
-0.0120856600653086,0.3051278133604881,0.2158687386311888,0.2343431286710966,0.6563437241795703,1.242491043505846,-0.3963036401172634,0.387600246177148,2.313685143478364,38.21579864456942,-18.592590670188667,11.334863119752432,17.121786047227523,stairs_down_13,stairs_down,4
0.0493363020957097,0.259743070182877,-0.1171701261382878,0.2134411597718236,0.7537615002418492,1.3802327037402613,-0.2852214600475132,0.3646424146540835,2.555773271981179,46.0642365568612,-20.825856927566807,10.251341017436168,7.560841249988483,stairs_down_14,stairs_down,4
-0.0019626680485417,0.3590591885024677,0.3641841770625183,0.44917036764817,0.7104641075888265,1.5280570479793072,-0.8557288967461139,0.7946819347373768,2.573651926116645,59.35475307566924,-18.534671102589886,11.877721165027545,26.44129597299146,stairs_down_15,stairs_down,4
0.11840326816187,0.2968216669506996,0.4044254686794102,0.3821348827821842,0.5345268250656109,1.074434636655899,-0.6233659448058344,0.6223297518922016,1.7571777366901191,31.79483391561547,-11.650638123662516,7.265331592532874,10.783221770086516,stairs_down_16,stairs_down,4
0.0517962484886405,-0.0605578133409201,0.0717868693024218,0.5013467769356185,0.4853616099354337,0.3968291419571619,-0.8468809578492026,0.810687619994767,1.6077515398848057,3.908194694861053,-3.0506727971778225,10.476573419278468,12.51994566704461,stairs_up_9,stairs_up,5
-0.0321994001007765,-0.0269030281152345,0.0863691800455392,0.2925618929902563,0.4648295432946784,0.7107025924087652,-0.59461264450524,0.4522202187942341,1.8159207533072368,12.308847078100415,11.985231941101194,9.512571010003848,13.637498486966429,stairs_up_10,stairs_up,5
0.0764895931362381,0.2405971856936032,0.0592617899746379,0.4036134554161219,0.6541463535073225,0.9952671149876884,-0.6531515838288516,0.9581051730848849,2.726121294881155,23.86115811799695,17.537302265405813,10.070002588632349,12.22425183683595,stairs_up_11,stairs_up,5
0.0097025427789893,0.1289586658928516,-0.2193934568528479,0.2137628772840848,0.7896958652958253,1.1370831625044124,-0.452776983200684,0.3426019829303585,3.354838689806312,30.893240458210045,26.69922864458206,9.074168000841356,12.784822366737089,stairs_up_12,stairs_up,5
0.1206570689184102,0.0732229406550519,-0.2628246590152004,0.4663842444048857,0.386812107894541,1.2698769402525,-0.613835768398959,1.2409520762787511,1.5775303553354738,40.429018675902654,18.594718606659963,11.006061503759696,7.956323951871961,stairs_up_13,stairs_up,5
0.0809166232021958,0.0868781215987438,-0.1886960442160468,0.3829450349823135,0.6371484224814029,1.483029424005125,-0.510837630181536,0.8736480418088565,2.4236583095579345,53.67518546672896,18.70113694951828,8.971407571059993,19.86573727976516,stairs_up_14,stairs_up,5
0.0208509471651593,0.1479696593442087,-0.2444325222733897,0.3623274315059955,0.7726489316774656,1.3674158780285215,-0.4563234747815505,0.8099302379337449,2.852223784775324,46.369509852251575,23.650773480970173,8.843323544075869,9.997487992403013,stairs_up_15,stairs_up,5
-0.0799714822862328,0.0677215578458354,-0.1950107179718018,0.4204250783882294,0.6250253462473359,1.0221510339737343,-0.6545735063907505,0.7354080175896733,2.666975560948352,26.02575517318272,19.84663119501498,11.401030898314003,19.225374516300544,stairs_up_16,stairs_up,5
-0.0093994742740452,0.0227021365627845,0.1166133709867675,0.0879045683673019,0.0656237850436284,0.075752835259936,-0.1658642894371226,0.1559994377157837,0.3019280601158737,0.4776907665204934,-5.568329487846899,2.428556799307469,-0.6269717987347515,wait_9,wait,6
-0.0629765882282536,-0.0200508497057437,0.0514168597338338,0.0401283184938464,0.0303868332990687,0.0667306254474395,-0.1712505198266356,-0.0114093704430759,0.0956774070611595,0.1729637695647738,0.6094516294106292,3.434872744463752,0.3312911397632789,wait_10,wait,6
-0.0583051869527885,0.0288868545410086,0.0760971278717517,0.0693438692582325,0.0293333316275214,0.0926224315417701,-0.2256505579830069,0.105355631902907,0.1123318385508656,0.350663277551281,-1.5242349705098193,3.546112567300597,1.1321748888969818,wait_11,wait,6
0.0051890695304203,0.3095461124716896,-0.1297826674764255,0.6787309289690734,0.4949844449887133,0.2542345493062427,-0.9589217355517295,1.329224017211459,1.609069169128537,1.9723334648951725,-2.5824182216879352,28.781265231534576,83.46526819343049,wait_12,wait,6
0.0263892482551531,-0.0420035473728855,0.0956956749289373,0.2706894021596341,0.1371497875955282,0.0996910329348711,-0.4935263105566923,0.5755792527636513,0.503833202086091,0.4674608041455387,-4.165809274147521,13.63139639493722,17.489616237336357,wait_13,wait,6
-0.0587339019085194,0.0338647257608473,0.038685801906387,0.0939480166703732,0.0705743745985308,0.0675911297710359,-0.2664782815975229,0.1180828943201263,0.2780675843179225,0.147060241497906,-4.471169970410836,7.260729712732886,4.328462939107228,wait_14,wait,6
-0.116851085042985,-0.0070968704271396,0.0641535090976774,0.0470198690844733,0.0508495918671274,0.1185160542024374,-0.2018434822173788,-0.04257647215344,0.2141799555231629,0.439997140727807,-4.366580937036456,9.543007068196951,3.350897594308744,wait_15,wait,6
-0.0734663135407486,0.0018781007854262,0.0583757833846887,0.1197577174602223,0.0525298617351887,0.1180232779595453,-0.4328839241561479,0.0231260998487425,0.2001555705340702,0.4195011615119884,-2.869056995714617,4.5343342135079565,0.1515399823803006,wait_16,wait,6
0.0395833333333333,0.2334722222222222,-0.16875,0.1646957742859022,0.2697990470051651,0.3956109596572954,-0.24,0.2999999999999999,0.9933333333333332,4.283122222222223,0.7522222222222231,4.806838700128175,12.64,backward_17,backward,0
-0.0620138888888889,0.1594444444444444,0.00875,0.3777990478702382,0.2289836115618957,0.644077111910489,-0.72,0.42,0.8999999999999999,9.54305,-0.8155555555555534,5.6772092023896095,15.4,backward_18,backward,0
0.0280555555555555,0.1783333333333333,-0.32875,0.3357019708081989,0.2174889635714013,0.5357732346218856,-0.42,0.66,0.8800000000000001,9.196055555555557,4.084444444444445,2.786987157932067,5.6,backward_19,backward,0
0.0699333333333333,0.1369333333333332,-0.1454666666666667,0.3478447131184323,0.1991013840009936,0.520911665220662,-0.52,0.5800000000000001,0.78,7.041388888888889,-2.5810666666666666,4.415323665834032,10.9,backward_20,backward,0
-0.0208666666666666,0.2336666666666667,-0.0791999999999999,0.2020881270909083,0.2612629582113265,0.476978608107945,-0.52,0.1999999999999999,0.8,5.617022222222222,2.663866666666668,4.183342494456547,16.360000000000003,backward_21,backward,0
0.0451388888888888,0.1756944444444445,0.2368055555555555,0.3305126733034161,0.2290085312983064,0.3610762617892476,-0.6000000000000001,0.6,0.9400000000000002,4.344494444444445,-5.621944444444448,5.7127919921886265,16.475,backward_22,backward,0
0.0416,0.1083333333333333,0.3155333333333333,0.3358793323887701,0.1629289211077435,0.3336667499167395,-0.54,0.6333333333333334,0.5933333333333334,5.161036111111111,-0.9250000000000002,4.767282019332594,13.68,backward_23,backward,0
-0.1009333333333333,0.0495333333333333,0.4352,0.3069748903955067,0.3012887135106273,0.4542100692818655,-0.8200000000000001,0.4599999999999999,1.36,9.686338888888889,-1.7599333333333331,4.419043045183559,11.24,backward_24,backward,0
-0.0176666666666666,0.024,0.2105333333333333,0.1880233437043863,0.2795569411288751,0.2927672568212959,-0.44,0.34,0.96,3.165211111111111,0.7918000000000002,3.2526547448029106,9.760000000000002,forward_17,forward,1
-0.0543999999999999,-0.089,0.1546,0.2177743480455553,0.2433961106235403,0.2378682719801336,-0.4,0.26,0.7600000000000001,1.955480555555556,4.077133333333333,6.349865484139539,12.78,forward_18,forward,1
-0.0262,-0.0931333333333333,0.0757999999999999,0.2487270927475869,0.349379847412208,0.4192694042418708,-0.5,0.5,1.175,4.362525,-0.4044000000000007,7.093943614097873,11.86,forward_19,forward,1
-0.0435416666666666,-0.2872222222222222,0.2804861111111111,0.2577599117423989,0.3802909090727116,0.3625858149854506,-0.5000000000000001,0.5,1.2733333333333334,4.91191388888889,-2.102361111111112,5.941881684356032,8.84,forward_20,forward,1
0.0148611111111111,-0.1653472222222222,0.1245833333333333,0.2302586849540737,0.3646648183611939,0.3476627447081021,-0.36,0.4333333333333333,1.2666666666666666,3.1525,1.2093750000000003,3.091005683961941,12.06,forward_21,forward,1
-0.1821527777777777,-0.3699305555555556,0.0713888888888888,0.279543485320594,0.1843951328427707,0.4983702101295837,-0.6599999999999999,0.3333333333333333,0.7800000000000001,5.834888888888889,3.3896527777777785,8.510844133772157,10.36,forward_22,forward,1
0.054861111111111,-0.1126388888888889,0.2032638888888889,0.2880967516742974,0.3200573305628555,0.3638330824375464,-0.42,0.7666666666666667,1.0466666666666666,4.0362027777777785,-0.5806944444444434,4.829755109242875,5.28,forward_23,forward,1
-0.0636111111111111,-0.079375,0.2053472222222221,0.2359990924953211,0.3051256225416033,0.6215021889045963,-0.4800000000000001,0.36,1.02,9.89611388888889,3.036458333333333,4.867339076847808,14.78,forward_24,forward,1
0.0305333333333333,-0.0377333333333333,0.1423333333333333,0.164,0.0755763043405654,0.1256870010073525,-0.22,0.4,0.3666666666666667,0.8856027777777781,-2.449266666666667,7.316714674608381,54.0,left_17,left,2
0.1060666666666666,-0.0208,0.1207333333333333,0.1428940944273843,0.0834306653810571,0.1335294391177882,-0.1333333333333333,0.34,0.32,0.7923361111111114,-1.9808,3.2159685166369405,51.220000000000006,left_18,left,2
0.0610666666666666,-0.0126,0.1383999999999999,0.1449104768341347,0.0651459898996093,0.0896501430458878,-0.18,0.22,0.24,0.6717555555555554,-1.8448,5.182420918265331,50.74,left_19,left,2
0.0312666666666666,-0.0363333333333333,0.0413333333333333,0.1791216222446513,0.0826807783654164,0.1509230856356236,-0.2333333333333333,0.36,0.3066666666666667,0.5893777777777779,-2.835466666666667,6.057059565773919,53.34,left_20,left,2
0.0584,-0.0452,0.046,0.1173447358727141,0.0488935919455027,0.1429970214660016,-0.1399999999999999,0.32,0.16,0.5436555555555557,-1.4081333333333332,4.4043838409610165,52.56,left_21,left,2
0.0392666666666666,-0.014,0.1327333333333334,0.1534692030874478,0.0994894373697436,0.1326308578138754,-0.32,0.2799999999999999,0.3666666666666667,0.8626361111111112,-3.2707333333333337,5.600474821139921,49.02,left_22,left,2
0.0165333333333333,-0.0259333333333333,0.2440666666666666,0.2107256642071761,0.087739196865863,0.0917172587660335,-0.3,0.34,0.3,1.691102777777778,-1.9228,5.308936493728706,48.34,left_23,left,2
0.1144666666666666,-0.0591333333333333,0.2914000000000001,0.2292634745020251,0.1229753814567958,0.1407089194045637,-0.3666666666666667,0.56,0.38,2.5980250000000007,-1.3835333333333333,7.135348828063568,61.96,left_24,left,2
-0.0916666666666667,0.0272666666666666,0.1004,0.2438075668014215,0.064576397477028,0.1384941167355869,-0.5333333333333334,0.3399999999999999,0.24,0.712338888888889,0.6592000000000001,6.407123368650796,-1.8666666666666665,right_17,right,3
-0.1085333333333333,0.0426666666666666,0.1304,0.206303623781031,0.115931213641091,0.2219642321870133,-0.4199999999999999,0.3,0.36,1.607538888888889,1.3412666666666668,4.930663590678686,-15.733333333333334,right_18,right,3
-0.0702666666666666,0.0498,0.0874666666666666,0.2343468464572213,0.0938358495814188,0.2117241391790532,-0.36,0.45,0.28,1.267111111111111,1.7114000000000005,6.735165748324789,-4.466666666666666,right_19,right,3
-0.0702,0.0086,0.1395333333333333,0.1501005218733987,0.0734180066720944,0.133728165403636,-0.34,0.1399999999999999,0.3066666666666667,0.9159361111111112,0.9214,7.045656593486042,0.0333333333333333,right_20,right,3
0.0168666666666666,0.0294,0.0516,0.1628211356741569,0.0753339478834323,0.0975338023076748,-0.3,0.2599999999999999,0.26,0.2948722222222223,1.2667333333333337,4.4959364863050375,-6.400000000000001,right_21,right,3
0.0060666666666666,0.0355333333333333,0.0789333333333333,0.1034842983258813,0.0405538051372631,0.066183806903927,-0.1599999999999999,0.18,0.1399999999999999,0.2608888888888888,2.184533333333333,3.7291388267117234,-0.7666666666666666,right_22,right,3
-0.0218666666666666,0.0584,0.0179333333333333,0.1645682623198135,0.0858474637775458,0.2038173201668592,-0.32,0.22,0.3,1.0050361111111112,0.9486,6.401770623125379,-3.333333333333333,right_23,right,3
-0.0175999999999999,0.005,0.1185333333333333,0.2301182666949033,0.0418330013267037,0.1385041783030657,-0.4,0.28,0.18,0.8116555555555557,2.1100666666666665,4.843325693960482,-6.066666666666667,right_24,right,3
-0.0731333333333332,-0.0710666666666666,-0.1310666666666666,0.3048080452423204,0.2357110401411958,0.5937550935454038,-0.72,0.4000000000000001,0.88,8.890544444444446,2.7778666666666667,3.7600203383019686,9.94,stairs_down_17,stairs_down,4
0.0836666666666666,-0.0256,0.2882,0.4290072519459575,0.1333809637147726,0.7235972892687184,-0.4800000000000001,1.14,0.5,14.642713888888895,-0.6918000000000012,6.845960387676051,5.9,stairs_down_18,stairs_down,4
0.0348666666666666,-0.1842666666666666,0.2558000000000001,0.2412131376558453,0.176295522096028,0.6422189398224463,-0.36,0.52,0.6600000000000001,11.534525000000004,2.962733333333333,6.811922008780174,7.960000000000001,stairs_down_19,stairs_down,4
-0.0601999999999999,0.0049999999999999,0.3665333333333334,0.2045242446915931,0.269004509118204,0.4562835274337738,-0.56,0.38,0.9733333333333334,8.355338888888891,3.504466666666667,4.566185160138239,12.78,stairs_down_20,stairs_down,4
0.2206944444444444,-0.0309027777777777,-0.136875,0.283991527339539,0.2578333071801729,0.4460265563950894,-0.2666666666666666,0.64,0.8400000000000001,5.025247222222223,-0.7238888888888897,5.818698764240804,14.84,stairs_down_21,stairs_down,4
0.0831944444444444,-0.0384722222222222,0.3038888888888888,0.2632392588642648,0.1613828501285684,0.6097032751559646,-0.36,0.64,0.56,10.76633888888889,-3.3113888888888883,6.063292206320511,8.120000000000001,stairs_down_22,stairs_down,4
0.1078472222222222,-0.0705555555555555,0.2338194444444444,0.4175302584327563,0.1369153505071978,0.7047189934307811,-0.9666666666666668,0.6799999999999999,0.515,12.734580555555556,4.214652777777777,4.357970789273493,7.979999999999999,stairs_down_23,stairs_down,4
0.2766,-0.0981333333333333,0.0840666666666666,0.2751356904295554,0.1665696384232266,0.4561381978694128,-0.2199999999999999,0.8800000000000001,0.7800000000000001,5.170169444444444,4.213400000000002,2.845621828808704,8.7,stairs_down_24,stairs_down,4
0.0504666666666666,-0.1725333333333333,0.2396666666666667,0.2044671937826049,0.4427777220131011,0.3382060515918267,-0.36,0.5666666666666667,1.44,4.181202777777778,1.6992666666666671,5.177929839803348,7.58,stairs_up_17,stairs_up,5
-0.1602,-0.2776,0.4285333333333334,0.2410981435324934,0.3012989164219431,0.5328829087561774,-0.56,0.225,1.1866666666666668,11.40616111111111,2.907533333333333,4.794279995570339,11.260000000000002,stairs_up_18,stairs_up,5
-0.2136000000000001,-0.2519333333333333,0.2672,0.3167926211495697,0.4459840555196764,0.4963829167084621,-0.9,0.18,1.56,7.698400000000001,-1.8442666666666667,5.492037023424612,13.3,stairs_up_19,stairs_up,5
-0.1489999999999999,-0.0786,0.0994666666666666,0.4490061040581537,0.146980157390944,0.4149608749963999,-0.8800000000000001,0.6200000000000001,0.4800000000000001,4.379961111111112,0.3574666666666664,6.736463909203403,18.82,stairs_up_20,stairs_up,5
-0.1417333333333333,-0.2961333333333334,0.5432000000000001,0.2860456289682677,0.359726851107069,0.4730698895199,-0.6199999999999999,0.32,1.2533333333333334,12.747738888888891,-2.419466666666666,6.978863165540168,12.78,stairs_up_21,stairs_up,5
0.0085333333333333,-0.1477333333333333,0.6429333333333332,0.2748540521804254,0.367450828154069,0.4270487872206953,-0.44,0.475,1.4200000000000002,14.71097777777778,-1.1810000000000005,6.129417573986643,12.66,stairs_up_22,stairs_up,5
0.0226,-0.0748666666666666,0.1939999999999998,0.2654617221482712,0.3611984680661497,0.5121523210920751,-0.4800000000000001,0.5666666666666667,1.16,7.236099999999999,-1.035333333333333,5.318068712731469,11.28,stairs_up_23,stairs_up,5
-0.1169333333333333,-0.1450666666666666,0.5465333333333333,0.2519142821587445,0.4370157319822709,0.4851808368479164,-0.5800000000000001,0.36,1.4733333333333332,13.11707777777778,-3.2024666666666666,7.163415950094905,14.9,stairs_up_24,stairs_up,5
0.0118,0.0241333333333333,0.0051333333333333,0.0722167519295852,0.0520685979155276,0.1506528385984737,-0.1666666666666666,0.12,0.1933333333333333,0.5453694444444445,0.7915333333333332,2.595505558046804,3.5,wait_17,wait,6
-0.0262,0.0513999999999999,0.1064,0.0240828046847015,0.0200328434031421,0.043010765232973,-0.08,0.02,0.06,0.3274222222222223,0.4314,0.2641338044754338,0.6,wait_18,wait,6
-0.0031333333333333,0.04,0.1268,0.0203005199714468,0.0355902608401043,0.0457092259104585,-0.04,0.04,0.1,0.4521,-0.0589999999999999,0.6207604356903865,0.3,wait_19,wait,6
-0.0079166666666666,0.0300694444444444,0.1189583333333333,0.0281269121733224,0.0103148404727099,0.035907195529883,-0.1,0.02,0.03,0.3692805555555555,0.0021527777777778,0.3509728542842658,0.4600000000000001,wait_20,wait,6
-0.0072666666666666,0.0201333333333333,0.1209333333333333,0.0359683502849689,0.0260426999794994,0.0531182294160516,-0.0666666666666666,0.06,0.08,0.4333388888888889,0.3718666666666667,0.3267777305527187,0.78,wait_21,wait,6
-0.0042666666666666,0.04,0.1365333333333333,0.0199018424607706,0.0321455025366431,0.0500437771319235,-0.04,0.0333333333333333,0.1,0.5261388888888889,0.5636,0.6381287603727125,0.68,wait_22,wait,6
-0.004,0.0168,0.1742,0.0115470053837925,0.0191661835687909,0.0906421535489972,-0.02,0.02,0.0733333333333333,0.955825,-0.0216,0.5234687369065307,0.8333333333333334,wait_23,wait,6
-0.0075333333333333,0.0328666666666666,0.1113333333333333,0.0242532930181083,0.014949916387726,0.0505158574296413,-0.075,0.04,0.0666666666666666,0.3711222222222221,0.5011333333333333,0.3354177881278698,0.74,wait_24,wait,6
-0.0572811976293253,0.0614043431734258,-0.0201681258396029,0.1809303789356495,0.1814028275538468,0.0957364447823846,-0.3422823773208633,0.2444455564295872,0.680789152399674,0.2301400371267455,3.0210763796278908,5.77788072117081,13.96949613865154,backward_25,backward,0
-0.1589264337178709,0.0986125150488987,-0.0663745406924764,0.1860662421398922,0.2338208335851194,0.1031561129437713,-0.4846741929371468,0.237211755551421,0.7626639664317667,0.365527898607465,-0.7430937047600272,3.3825194207094813,22.86987603099797,backward_26,backward,0
-0.0573287758236272,0.1849013589904412,-0.098351248669517,0.1869847647815562,0.2248906544929356,0.2130166061475779,-0.419574444753006,0.1992838608624413,0.8735542863243818,1.3308499907425055,0.2238320751470087,3.847789391478167,21.31774269211453,backward_27,backward,0
-0.1156321625616377,0.0860490137821314,-0.0175671351427634,0.1420648249652628,0.2114232381183974,0.0810087900386022,-0.3328020533246546,0.1831951588836684,0.8248704128514726,0.1652132834525431,0.1981613118107502,5.859429174471873,14.434490351622374,backward_28,backward,0
-0.0341269160024455,-0.0004761177386669,-0.0182525281373204,0.2260469720134911,0.2438744105195418,0.1826301404868436,-0.4407590670182555,0.3503829812356084,0.7690754993614553,0.7751323837293058,0.3058229797184266,3.098689976543097,8.878244956793711,backward_29,backward,0
-0.0844828943827546,0.0653748858037765,-0.0541280433282733,0.276617294507935,0.2896144781026755,0.2107860125178128,-0.7156454445327322,0.3127277303888648,1.072935141287893,1.1395839606195148,0.1606650422205132,5.87326843731663,11.200370792512624,backward_30,backward,0
-0.1869276202326855,0.0459577572479435,-0.0503743513696806,0.1411395346996955,0.2205714526577932,0.1265232048408361,-0.3972894056881521,0.062740110033974,0.60662941356346,0.4290885979754973,-1.5286652243688128,3.861990148126945,10.975170576331385,backward_31,backward,0
-0.0769636179544483,0.0221488953417285,-0.0582008555158786,0.2292276866617431,0.1982727156033194,0.1091869677285224,-0.5805525915033369,0.2616242967478185,0.6423536281534035,0.3554974101869604,0.0464024075386798,5.269891897736292,9.47780152345837,backward_32,backward,0
-0.0715587848303005,-0.0869693773997125,-0.0957269706205924,0.3046361370422127,0.4027904149890071,0.3447286621749988,-0.595427950250022,0.3228438169249147,1.5539895740430554,3.081199735204041,1.96736609275638,7.9642093626776305,11.312489799153582,forward_25,forward,1
-0.0250148206297195,-0.1420734090560247,0.0212141675086856,0.230866287361332,0.3739652390778067,0.2724546592131198,-0.3796567824481675,0.3175335159288719,1.319481177128069,1.792808014423659,1.7583952224285644,3.4093544762629326,13.225850755029942,forward_26,forward,1
-0.188801722363991,-0.0660716815864106,-0.1296235617870966,0.2162675168084976,0.2507998054288201,0.2782552303166375,-0.5359366055724024,0.1295134162357697,0.9189613203416764,2.2782800510248924,-0.3280550442304426,3.112151105502432,5.469292291332423,forward_27,forward,1
0.0965983632834721,0.0236971370985175,0.0544419308036725,0.2406406593566881,0.1852231005550435,0.2092897094046642,-0.3561460163547844,0.3669173835907752,0.6466157377062738,1.1253504748453276,1.15903978793736,6.375954412379598,14.902577843431825,forward_28,forward,1
-0.068521120492077,-0.0521836428065382,-0.0603365308891415,0.2019368253723362,0.1773396513936182,0.3357212497863425,-0.4241204066597855,0.2794940515375136,0.6699052427803476,2.796022605387899,0.6706371901656638,5.524943277440109,6.076908267774284,forward_29,forward,1
-0.0031659164353754,-0.0298455288435734,0.012222536642901,0.2274460840225222,0.1785780516216168,0.1522477267473071,-0.4913429702972248,0.2996705854322389,0.5817176605338603,0.5600396472430211,-0.6976185325121675,4.118441892906271,11.391993115715168,forward_30,forward,1
0.0530652824760708,0.0160378509124577,-0.0206976465575575,0.2366232816308147,0.2234114142795723,0.1909199130617571,-0.3738060440815829,0.4265064158803318,0.8688800985813141,0.8855197312097528,-0.7740677587300934,3.3586083375453915,12.806453860429736,forward_31,forward,1
-0.150321370062377,-0.2347043853997426,-0.0654491957793514,0.1868481188736917,0.3414455148478595,0.3079779947334365,-0.425733427693732,0.2050312381014972,1.2536394892205796,2.3835006164647843,-1.2191933786479217,6.08366725928965,8.429327842305105,forward_32,forward,1
-0.1208476075827573,0.0591718642938209,-0.0229988576531968,0.2016131098229962,0.1266031842280564,0.0887004535486699,-0.4194354746737331,0.2347879396377131,0.4462551363773643,0.1936534594544627,-0.6105760028736126,3.0891691035848434,47.13192868844268,left_25,left,2
-0.0958560942041102,0.0850738291168919,-0.0366530454454881,0.245673175720325,0.1022917569038825,0.0994358073610007,-0.377936955869682,0.3633725700748339,0.3823786208050325,0.2596547328375794,-1.0061367838207576,3.733454890708084,46.0946544969306,left_26,left,2
-0.0420741609355391,0.0650618379453616,0.0163362937608063,0.2857700835299613,0.106077765076082,0.0656247195295494,-0.5124962914152815,0.3693204017894342,0.3321261122114211,0.1100303538659527,0.923124169780213,3.137953928150289,54.080482987714994,left_27,left,2
-0.1225608853425144,0.0888287003707224,-0.0692775281307538,0.2703988480200907,0.0890755549762865,0.1327620250742829,-0.5352226011243648,0.2726971067933365,0.3693033848959207,0.5430025248414737,-0.8781353174599859,4.194368806708536,49.073339609070345,left_28,left,2
-0.0757954811493279,0.0679572617678068,-0.0250879242251793,0.224321522353034,0.0962104514755089,0.0633028545636209,-0.37348737796925,0.2981643054018728,0.3672290628398953,0.1119091320498792,-0.5493413986619092,3.4263344258066564,47.16942232887255,left_29,left,2
-0.0549015485223279,0.070157741777953,0.0093907590059894,0.2736090285520599,0.1251670084011889,0.1199554099349269,-0.4380203189302236,0.3921223230582102,0.3662458239562063,0.3330703810841024,0.2021001531283129,3.960595788457697,47.153072222037366,left_30,left,2
-0.0350992121334019,0.0647783607976769,-0.0070075605644885,0.3106841709940798,0.0999978725114352,0.0653837382698048,-0.4808793708847091,0.4723467541478201,0.283893163279295,0.0995043060146493,0.3146355348934667,3.848761698450684,45.64746766857261,left_31,left,2
-0.0519976528853209,0.0807366587274581,-0.0163497759530325,0.204279253768727,0.1231477000337843,0.0711614665111448,-0.4206741934623568,0.2509029341417365,0.3545936382491389,0.1282177829272618,-1.399465265633371,3.3205971584295844,50.23194596401745,left_32,left,2
-0.1786515707081054,0.0851681881993718,-0.025218225455147,0.2140381465982251,0.0537061828900713,0.0896776791194613,-0.493175044562593,0.1964552060012519,0.1749581531327031,0.2089090395517393,1.986747763526659,3.22470636982782,-9.684425048053251,right_25,right,3
-0.1365453216092704,0.0226272459621325,-0.0244358444645265,0.2665925499777937,0.0845974126068373,0.0788641011783522,-0.517029682448171,0.3034932051537931,0.3505798019334051,0.1641968772794285,0.6757202726902913,2.8947086564372344,-18.62272990727564,right_26,right,3
-0.0706152008127458,0.0659088376360463,-0.040383400773553,0.2178857414994313,0.0877720590255431,0.081124541514035,-0.448759030876644,0.289037452752143,0.3211233205817639,0.1987190661116327,0.8387614249182087,4.86386380537826,-18.35910851097524,right_27,right,3
-0.041262484539432,0.077565870119469,-0.0083836886777563,0.2041296459461589,0.0614750691953051,0.0821542991389858,-0.44125940314278,0.3418286129778995,0.2481719346220045,0.1569214336017064,1.9777627020975803,3.873774667664024,-11.424946501730751,right_28,right,3
-0.0785959122158102,0.0536869502508342,-0.0110948060913284,0.1850749398755725,0.0540035305811281,0.075461088870182,-0.3414355128739308,0.2642519345311447,0.1906060708077251,0.1397423904584686,0.2396663724282207,4.95688029753243,-7.152628171168284,right_29,right,3
-0.1440646047806354,0.0609714694479589,-0.0100804622649609,0.2479301268673082,0.0760603018699974,0.0980392518242245,-0.5579163529641926,0.202185551733747,0.2585005533171444,0.2332210705449717,1.3270177692721634,4.12977912665102,-14.773155890107352,right_30,right,3
-0.0521755451386282,0.0496257512467128,0.0095228038322806,0.1789842588909635,0.05442598879356,0.0455264657232146,-0.3713264608218986,0.2664818051685392,0.1968659349200874,0.0520109127706313,-0.4411879053154163,5.376931780601255,-14.951572668650345,right_31,right,3
-0.0421295238228117,0.0281284904832119,-0.0336271004667142,0.2209339803699599,0.0697642294347919,0.0814208533730802,-0.3250907830009516,0.3264093566128611,0.2831825892440974,0.1873740758809775,0.9741417320426604,4.198143119293332,-11.830143347669136,right_32,right,3
-0.009102619815729,-0.205670469717866,0.1515550989987058,0.2509535402321312,0.2305294279006837,0.849458189512789,-0.3311947861780598,0.5193065230726637,0.7701658080422877,17.147576714578122,-0.4904026594235627,11.747455377942252,9.099066125254646,stairs_down_25,stairs_down,4
-0.0273665303980397,-0.1262853746159126,0.0655956181230364,0.2776463113522108,0.1450366701893841,0.4977728579604003,-0.5007759699399397,0.5610898940066061,0.5804000946133335,6.054237262853136,0.3546200533032233,9.493412315096531,12.933153328810164,stairs_down_26,stairs_down,4
-0.1515104757776929,-0.1236182985561673,0.263051230221037,0.3650380080546883,0.1298309289970633,0.5317429126890395,-0.7907401419623009,0.4880559041440487,0.4406194003837306,8.51591134770059,1.4015725877755512,9.715683829928116,17.717061622075146,stairs_down_27,stairs_down,4
-0.1735853039355674,-0.1086326770615165,0.1879529423170508,0.2312877049305568,0.2068508709747137,0.6046873480549049,-0.600268814409934,0.2557421433740482,0.6894235295265416,9.65868064668508,1.533674777908958,9.4087043733969,22.296448523757924,stairs_down_28,stairs_down,4
-0.0643816295118061,-0.1378371611870621,0.2480287795608421,0.2974528320811123,0.2318450669620036,0.7671970239080123,-0.5269646914093197,0.5040014512321446,0.9113613618609556,15.66414745110049,1.2851411232763814,6.391655164513057,14.742950735647328,stairs_down_29,stairs_down,4
0.0940836472168772,-0.0980796487224881,0.0854010656657457,0.2341547206640737,0.2207954053688112,0.5918377102413552,-0.2870026114965043,0.4328338562030344,0.8512062804000575,8.588858556750656,0.8926293722549599,7.148357695126982,25.12457423923052,stairs_down_30,stairs_down,4
-0.0951659073042684,0.0288945590469122,0.041197361354863,0.3292710018977717,0.2569524823639064,0.4369170831506508,-0.7489800130799972,0.4917973776142672,0.9839286779710648,4.431353705606549,4.199074206767517,6.974924045963733,29.29826719949894,stairs_down_31,stairs_down,4
-0.1691177806529551,-0.1375109288041934,0.1219322661107341,0.3208205989342569,0.210745850313291,0.5609742332764754,-0.7657203948603197,0.3567576819797232,0.7981054282996058,7.924297107575581,-3.761772470988441,5.517042781167184,13.197226029859973,stairs_down_32,stairs_down,4
-0.0006756436220355,-0.0687195949727853,0.1994213533677974,0.2470817735990285,0.4107830483325639,0.8797866104748326,-0.4503497706668079,0.4287163232685625,1.411094556927234,19.570809423775174,2.3071597281853724,9.345029063773636,20.610744688484623,stairs_up_25,stairs_up,5
0.0510372412862796,-0.1668505559493596,-0.2414492916700959,0.3343295164091641,0.357257995255416,0.9832396686086464,-0.593323583768867,0.6636286564709246,1.1622870278154311,24.659689913415143,-1.2769969840064543,14.209165047504795,19.405183258937264,stairs_up_26,stairs_up,5
-0.0635932165658114,-0.015172535959012,-0.2256431935551862,0.4401633289228762,0.3313543983832235,0.7341945887104742,-0.9077591215048608,0.6805955295237153,1.400973321727539,14.209871928146397,-2.1515023943015343,7.988842572137282,22.893673263839943,stairs_up_27,stairs_up,5
-0.1427850147480024,-0.0754385680040096,-0.3762765638666211,0.3494919912190883,0.302012830495624,0.9290309831064376,-0.6908998613343387,0.2530703321755398,1.16436332750385,24.25396693460292,-2.4956286591383887,7.181294140097595,16.398037403085876,stairs_up_28,stairs_up,5
-0.1519149035789719,-0.1479020798256367,-0.0827112827166252,0.2990126155940352,0.3103257094391318,0.7910962557232974,-0.5755703552445117,0.3793548634968511,1.1926685564611357,14.558353324773789,-1.939220775187697,9.652280075928276,15.659384489319851,stairs_up_29,stairs_up,5
0.0204965657424533,0.099063416208806,-0.1681550265337308,0.2322253234961705,0.3377074634261338,0.9797479283071514,-0.3167354700195137,0.4290097678702324,1.2258817819173635,23.744646896245715,-2.505206202896136,9.566166732561422,16.79984243400067,stairs_up_30,stairs_up,5
-0.0585774621108871,0.1452115270977201,0.0428652320070046,0.3896063823167466,0.248719411343507,0.8487895560139529,-0.6133246190761331,0.673648009505247,0.8722057797118277,17.33658475243607,3.1013580871011435,9.565942603361968,20.6640491923147,stairs_up_31,stairs_up,5
-0.0439094726423699,-0.0441841403794716,-0.2199955344840466,0.435867334502025,0.2555717653279653,0.8200047111822987,-0.6570232668565213,0.9440653713309516,1.048754415688614,17.347736312491,0.4693866437353411,14.172732232284538,27.308393753062063,stairs_up_32,stairs_up,5
-0.0452318016612902,-0.0147601275626569,-0.0090741178154945,,,,-0.0452318016612902,-0.0452318016612902,0.0,8.233961412947468e-05,-0.4425156299681084,,-2.392886339388152,wait_25,wait,6
-0.0993937220942801,0.0139018252644523,-0.012774087990878,0.0243049752817018,0.0274185349916702,0.023849840949627,-0.1494664685368816,-0.0481087489903532,0.0888536011006434,0.0177309910197075,0.3283032314447181,1.8504124384732703,2.120497434792691,wait_26,wait,6
-0.0929631988521132,-0.0117234844694174,-0.0353537508511602,0.0330278891448753,0.0430954701592235,0.0377969482126853,-0.1660206015502102,-0.0332869525417033,0.1719834859212239,0.0655338155417659,-0.2187169391226822,0.7301311746699686,0.9022083639416644,wait_27,wait,6
-0.1000822429568004,-0.0177895923820608,-0.0173309522538135,0.0356745776941749,0.0407429579173831,0.0427902135943173,-0.1784354568058934,-0.0321917886759247,0.1497741480731964,0.0493217404718631,-0.4110278955487778,0.9831725160592404,1.9456476656254904,wait_28,wait,6
-0.0896769580377565,0.008069569601795,-0.0340346630304733,0.0420468985145733,0.040038645242443,0.0420976743293436,-0.19229760043798,-0.0259877244844566,0.1547648690325765,0.0714920976044943,-0.5788865949779614,0.9786840179403916,1.9898009468247528,wait_29,wait,6
-0.0651589630645776,0.0092310332525926,0.0118360764884034,0.0750048190136465,0.0647388273702866,0.1171485597314131,-0.1914113227760046,0.1290234456327557,0.2121702852413988,0.3328731587974506,0.0206508142778418,1.7065413899452408,3.0894258292948784,wait_30,wait,6
-0.0845391005098295,-0.0009513574036801,-0.0088853480299452,0.029495962687344,0.0192135514200582,0.0251026529527934,-0.1469668063414096,-0.0453968414168432,0.06695640768374,0.0170971716867726,-1.6348764402760885,0.8306842779447388,3.3305746225654644,wait_31,wait,6
-0.0764344575610042,-0.0101355032816017,-0.0171350842292765,0.0180685410325217,0.0291799335013772,0.0357302798067498,-0.1138179927619173,-0.0535962733700871,0.101170607391993,0.0379799472702572,0.1200987674478157,1.1534455800381065,2.299042592432962,wait_32,wait,6
-0.097816372032286,0.0152359408506621,-0.0332071199302494,0.0211911008595407,0.0271282438906444,0.0484728767927609,-0.1309164964910037,-0.0453830138208902,0.0835410375177859,0.0839586951811377,0.3876137932147928,1.0399759138383513,1.180320662904734,wait_33,wait,6
-0.1436111111111111,-0.0504166666666666,0.1689583333333333,0.4407198400976709,0.3868032148950421,0.7770071115044588,-1.04,0.4750000000000001,1.2200000000000002,14.571147222222224,1.4534722222222214,3.99139447134528,8.020000000000001,backward_33,backward,0
0.1161805555555555,0.1932638888888888,0.0354166666666666,0.3524090588027612,0.2383652452369598,0.4744715468732245,-0.5800000000000001,0.72,1.01,5.20793888888889,1.098680555555556,6.461206967046829,11.7,backward_34,backward,0
0.1274305555555555,0.1180555555555555,0.2027083333333333,0.3144737107844743,0.1795590860369418,0.3481152887005296,-0.36,0.8666666666666667,0.6533333333333333,3.773413888888889,-0.1418055555555556,6.597407773261467,11.5,backward_35,backward,0
0.3403472222222222,-0.1286805555555555,0.4632638888888889,0.2768516838871953,0.3865545124598335,0.468640360231943,-0.1599999999999999,0.825,1.235,10.202069444444446,-1.8718750000000013,5.275187543410774,13.88,backward_36,backward,0
-0.1058666666666666,0.1170666666666666,-0.1387333333333333,0.4280755060604249,0.1706783036397225,0.4723212183814457,-0.7749999999999999,0.6599999999999999,0.8,5.835269444444444,0.7689333333333337,3.513356377744369,10.22,backward_37,backward,0
0.0111333333333333,0.0699333333333333,-0.1072,0.5769693970958817,0.1500019135680411,0.3032492710137492,-0.9333333333333332,0.98,0.4599999999999999,2.494338888888889,-1.1921999999999993,6.574646148061675,11.820000000000002,backward_38,backward,0
-0.1488194444444444,0.1359027777777778,-0.2164583333333334,0.3361189687467352,0.137624760410105,0.5611914328242746,-0.78,0.4666666666666666,0.6200000000000001,8.368025000000003,4.9813888888888895,4.484380828728671,10.740000000000002,backward_39,backward,0
-0.0097916666666666,0.4543055555555556,-0.3911805555555556,0.5754070838963209,0.29726527973822,0.3819080241748614,-1.12,0.7000000000000001,1.12,7.027169444444445,4.926666666666667,5.750759443213718,6.466666666666666,backward_40,backward,0
-0.0415333333333333,-0.1215333333333333,0.0368,0.2760903971662314,0.2610324586032251,0.3235533758702527,-0.4666666666666667,0.4600000000000001,0.9166666666666669,2.546338888888889,-1.4191333333333336,1.6256058186958418,9.28,forward_33,forward,1
-0.0003333333333333,-0.0647333333333333,0.0071333333333333,0.1991161023679959,0.1643742905913434,0.2891964922178537,-0.38,0.2666666666666667,0.5733333333333334,2.0085027777777777,4.123000000000001,2.0148292823554645,10.080000000000002,forward_34,forward,1
0.0913333333333333,0.0114,-0.0443999999999999,0.2397872320759941,0.2383273503522538,0.2858312601155781,-0.24,0.5000000000000001,0.8933333333333334,2.0100722222222225,2.8732,3.507173235221188,9.46,forward_35,forward,1
0.0382666666666666,-0.1148666666666666,0.0550666666666666,0.2247238428728815,0.2679767817471423,0.3023026904720939,-0.24,0.4,0.96,2.2690944444444447,1.9042666666666677,2.586619347362141,9.72,forward_36,forward,1
-0.0702666666666666,-0.1934666666666666,-0.0445333333333333,0.218572642386919,0.2949991839285636,0.2631203076470843,-0.36,0.4200000000000001,0.8866666666666667,1.7111555555555558,0.5533999999999998,4.504967184490176,6.160000000000001,forward_37,forward,1
0.0117333333333332,-0.2744,-0.098,0.2421147569966679,0.2271394578960981,0.4166733332800008,-0.4800000000000001,0.36,0.78,4.4069,1.6901999999999997,1.3857949884452605,8.133333333333335,forward_38,forward,1
0.0639333333333333,-0.1905333333333333,-0.0752666666666666,0.2366005776267956,0.2360073562883628,0.3134691195140103,-0.22,0.7333333333333334,0.8666666666666667,2.499936111111112,2.0452,1.8238639284852447,11.48,forward_39,forward,1
-0.0226,-0.0587333333333333,0.1403999999999999,0.17071478271385,0.1261404273316346,0.2629714813435099,-0.4666666666666667,0.18,0.5083333333333333,2.1525,0.6586666666666668,2.6370223808373408,10.86,forward_40,forward,1
0.1027777777777777,-0.0543055555555555,-0.0677777777777777,0.2117392130993433,0.0604030677682285,0.1243404499912469,-0.3,0.4,0.2266666666666666,0.4658444444444445,-0.6964583333333333,3.4856783006438947,50.08,left_33,left,2
0.0498611111111111,0.0052083333333333,0.0611805555555555,0.2403609989637802,0.1406655269031371,0.1633765686393072,-0.3,0.42,0.4733333333333334,0.7037472222222223,0.0172916666666667,4.704368532337096,49.760000000000005,left_34,left,2
-0.008,0.0276,-0.1314,0.1420297634431026,0.1231013960266239,0.1073542077700074,-0.26,0.26,0.4666666666666667,0.7082472222222223,-0.0811999999999999,2.3953785017542986,47.68000000000001,left_35,left,2
0.0174999999999999,-0.0401388888888888,0.0119444444444444,0.2143262671542397,0.0750280409201494,0.0833024097213185,-0.3,0.36,0.26,0.1630277777777778,0.9591666666666666,2.616603663969673,42.64,left_36,left,2
0.1295138888888888,-0.05375,-0.0466666666666666,0.1482160252363961,0.0550543210008947,0.0995800360256975,-0.12,0.36,0.22,0.2803388888888888,1.0864583333333335,2.5582443679554,45.56,left_37,left,2
0.0998611111111111,-0.0316666666666666,-0.0167361111111111,0.1513648985999738,0.0649433048915863,0.1210306775965692,-0.2,0.32,0.24,0.3436361111111111,-0.7254861111111109,3.468847314428996,45.58,left_38,left,2
0.1085999999999999,-0.0327999999999999,-0.0558,0.160311964387958,0.0957266556012096,0.0936689402650119,-0.2,0.36,0.3199999999999999,0.288413888888889,0.9312666666666668,2.97490361344015,45.4,left_39,left,2
0.0488888888888888,-0.0116666666666666,-0.028125,0.2249587544947573,0.0720574113565077,0.1282314789670135,-0.38,0.35,0.26,0.3971805555555556,-1.8278472222222224,3.6322410022006566,36.94,left_40,left,2
-0.1119333333333333,-0.0158666666666666,-0.0408,0.1432878480800357,0.0806858907304304,0.0706289862854034,-0.38,0.1399999999999999,0.3149999999999999,0.1613388888888889,1.0020666666666669,4.465570472867733,-8.566666666666666,right_33,right,3
-0.0238,-0.0455333333333333,-0.0745333333333333,0.2231983008033024,0.0957314917804925,0.1230510282588307,-0.4,0.2666666666666666,0.3,0.5022777777777778,-0.2870666666666666,3.096030415440606,-8.966666666666667,right_34,right,3
-0.0408666666666666,0.0058,-0.0788,0.2203843023918462,0.1090946751594602,0.0882383136738231,-0.4333333333333334,0.2666666666666666,0.36,0.3421,0.7777333333333335,2.973019337555926,-15.500000000000002,right_35,right,3
-0.0682666666666666,-0.0334,-0.0474,0.1777485739902167,0.0865363336237273,0.1072877750103275,-0.3,0.24,0.2866666666666667,0.332425,0.2561333333333335,2.4994666986734946,-14.233333333333334,right_36,right,3
-0.0922,0.0091333333333333,-0.0651999999999999,0.237383850740931,0.0803768899898748,0.1070428695706814,-0.4666666666666667,0.32,0.3,0.3812722222222223,0.9317333333333336,3.3728156264462488,-10.266666666666667,right_37,right,3
-0.1212666666666666,-0.0424,-0.0443333333333333,0.2156059935262571,0.092167922434684,0.1010798181123691,-0.4666666666666667,0.3,0.36,0.2943472222222223,-0.0983999999999998,4.021979274814458,-15.766666666666666,right_38,right,3
-0.1620666666666666,-0.0673333333333333,-0.0304666666666666,0.1911655768640834,0.0684399574647572,0.0812397002018649,-0.4666666666666666,0.2,0.24,0.1816027777777777,0.6474000000000001,1.9699609697205227,-17.733333333333334,right_39,right,3
-0.1757333333333333,-0.0064666666666666,-0.1312,0.2128418165889609,0.0742716485462506,0.1260653857388358,-0.5333333333333334,0.22,0.3,0.8117555555555558,1.9848,2.112199292645429,-18.73333333333333,right_40,right,3
-0.1288666666666666,-0.0863333333333332,-0.1024,0.6321173853714901,0.2552368181382407,0.6510204027638572,-1.4,0.7333333333333334,1.0066666666666668,10.434005555555558,1.0892666666666668,4.612552217911789,8.540000000000001,stairs_down_33,stairs_down,4
-0.6583999999999999,-0.3289333333333333,0.1422,0.6417143705211326,0.2523275355271104,0.7573939114074242,-1.9,0.3,0.9933333333333336,14.27301388888889,2.720800000000001,4.090183369972549,3.72,stairs_down_34,stairs_down,4
-0.8028,0.3897333333333334,-0.5235333333333333,0.427163805426755,0.2349742302655525,0.5067284136351397,-1.525,-0.14,0.8733333333333335,13.014747222222224,7.472,6.243101476533624,7.540000000000001,stairs_down_35,stairs_down,4
0.1632,-0.2546666666666667,0.2271999999999999,0.5097773025038954,0.1588274453846293,0.5444532425592976,-1.1333333333333333,0.8200000000000001,0.5400000000000001,8.4048,-1.902733333333333,4.744573383623927,6.56,stairs_down_36,stairs_down,4
0.045,-0.3665333333333334,0.3140000000000001,0.5341499824054138,0.1605790448023328,0.6603392436215394,-0.5666666666666668,1.366666666666667,0.6333333333333333,12.930050000000003,5.4628,3.354198746568468,5.220000000000001,stairs_down_37,stairs_down,4
-0.0095333333333333,0.5544666666666668,-0.1374,0.5276019122195993,0.5088714637967694,0.5735509277009904,-0.6000000000000001,0.9600000000000002,1.38,8.367025000000002,-2.8545333333333343,8.446592292819107,7.74,stairs_down_38,stairs_down,4
-2.1673333333333336,-0.1472666666666666,0.1004666666666666,0.4851403004401006,0.1358332310838061,0.7292175410823729,-3.14,-1.1,0.5666666666666668,13.01453611111111,-1.5409999999999997,6.717935617655394,8.6,stairs_down_39,stairs_down,4
-0.2462,0.107,0.7409333333333333,0.3274726168930996,0.4155295594958497,0.596890297942409,-0.8666666666666667,0.3,1.3000000000000005,22.27522777777778,0.6998666666666667,6.167560717471998,8.2,stairs_down_40,stairs_down,4
-0.1274666666666666,-0.141,0.3289333333333333,0.5259757510957523,0.2348492424230205,0.5385667450640532,-1.0,0.54,0.8000000000000002,9.666227777777776,0.8377999999999995,5.808231170789722,22.666666666666668,stairs_up_33,stairs_up,5
0.2317333333333333,-0.3729333333333334,0.5365333333333334,0.5713712955753093,0.2103707485651269,0.7659002691096423,-1.1333333333333335,0.8800000000000001,0.8266666666666667,21.27517777777778,-5.258200000000001,6.700305719945974,17.340000000000003,stairs_up_34,stairs_up,5
0.2914666666666667,-0.1903333333333333,0.0046666666666666,0.573704119443696,0.2615817271905666,0.5747334325741965,-0.8999999999999998,1.2200000000000002,0.9200000000000002,7.92818888888889,2.7048666666666668,6.942045374490252,16.666666666666668,stairs_up_35,stairs_up,5
0.0693333333333333,-0.4489333333333334,0.4369333333333333,0.4232764616216722,0.3840002893517428,0.5044906397105456,-0.78,0.6000000000000001,1.7066666666666668,10.88102777777778,-1.1338666666666668,6.163774263868358,23.360000000000003,stairs_up_36,stairs_up,5
0.2820666666666667,-0.1932666666666666,0.2057333333333333,0.5576349861493428,0.3573094156589195,0.6759434558863304,-0.3749999999999999,1.34,1.3166666666666664,12.023744444444445,-3.9302666666666655,6.340929900989229,18.525,stairs_up_37,stairs_up,5
-0.1295333333333333,-0.2869333333333334,-0.2581999999999999,0.4224579532003418,0.4784505953828694,0.6090684143290748,-0.8000000000000002,0.7,1.84,10.569825000000002,3.9428,10.391433558821776,13.5,stairs_up_38,stairs_up,5
0.6241333333333333,-0.4763333333333334,0.6912666666666667,0.4514106285363201,0.1387860730551667,0.4963350123096742,-0.0599999999999999,1.38,0.45,17.85860277777778,0.7612666666666663,10.491215523792592,12.42,stairs_up_39,stairs_up,5
0.6135333333333334,-0.2242,-0.1105333333333334,0.5129341702040945,0.2490040904022201,1.019498528689473,-0.0599999999999999,1.58,1.0666666666666664,25.25049444444445,2.303933333333333,7.783454116360003,20.633333333333333,stairs_up_40,stairs_up,5
-0.1,-0.2,-0.3,,,,-0.1,-0.1,0.0,0.09,-4.9,,-2.4000000000000004,wait_34,wait,6
0.0180666666666666,-0.0172,-0.0234666666666666,0.0408295916653051,0.0344457437030942,0.0472628583327096,-0.06,0.1,0.12,0.0673777777777777,-1.0585333333333338,0.9683362019464108,1.9,wait_35,wait,6
0.006875,-0.0292361111111111,-0.0106944444444444,0.0407072513688858,0.0349256600664741,0.0833303139549619,-0.1,0.04,0.145,0.1624555555555555,-1.017847222222222,1.6759828019570238,2.22,wait_36,wait,6
0.0090277777777777,-0.0409027777777777,-0.0866666666666666,0.0248372318050122,0.0199938345971992,0.0517612504982259,-0.04,0.0666666666666666,0.08,0.2418888888888889,-0.6013194444444445,0.9923443443207172,0.8333333333333331,wait_37,wait,6
-0.0002666666666666,0.0328666666666666,-0.0578666666666666,0.0302791029271686,0.0556267321827674,0.0420964501010609,-0.06,0.0666666666666666,0.16,0.1262444444444444,0.1665999999999999,0.9340075540974556,0.5599999999999999,wait_38,wait,6
-0.0026666666666666,-0.0644666666666666,0.0411333333333333,0.1048279012901092,0.0603015570095646,0.1773811025886228,-0.2666666666666666,0.12,0.1999999999999999,0.7974361111111112,-0.7334666666666666,3.931800774878267,2.2,wait_39,wait,6
0.038,-0.0598666666666666,-0.0636,0.1259629575179412,0.0847230236756263,0.095829323587612,-0.06,0.4000000000000001,0.3533333333333333,0.3215222222222223,0.1725333333333334,2.3714016171095165,1.4333333333333331,wait_40,wait,6
-0.0426666666666666,-0.0592666666666666,-0.0648666666666666,0.0905653539347875,0.0362606306251467,0.0697248560812824,-0.2,0.08,0.1399999999999999,0.2218694444444444,-0.7229333333333333,2.602015917194461,0.5400000000000004,wait_41,wait,6
0.0264666666666666,-0.0323333333333333,0.0036,0.0405697844141105,0.0154110350074224,0.085081224807914,-0.02,0.1333333333333333,0.06,0.1740555555555555,0.5253333333333334,0.5768158766500413,1.02,wait_42,wait,6
0.016609195402298847,-0.013793103448275864,0.014022988505747127,0.08014184196198426,0.052689372275051036,0.03473972738816227,-0.1,0.16,0.22000000000000003,0.03949444444444446,-0.7682183908045973,8.830660377254507,10.84,backward_41,backward,0
0.008505747126436784,-0.015229885057471268,0.0024137931034482743,0.10451261109784468,0.09977725603071104,0.032888659594756856,-0.24000000000000005,0.18,0.33499999999999996,0.030455555555555562,-0.49586206896551843,7.510414404084025,9.760000000000002,backward_42,backward,0
0.008563218390804603,-0.014540229885057473,-0.001954022988505746,0.11227952305388787,0.09231899552565496,0.049002083219235174,-0.2333333333333333,0.14,0.41333333333333333,0.06734444444444446,-0.2495402298850587,13.102889858070672,11.0,backward_43,backward,0
0.007758620689655166,-0.024310344827586206,-0.002413793103448271,0.09043575710474767,0.08639783998597377,0.050203131437493706,-0.2,0.13999999999999999,0.33999999999999997,0.0707388888888889,-1.6640229885057463,7.5958504690823805,14.62,backward_44,backward,0
0.020862068965517237,-0.005287356321839077,-0.0003448275862068944,0.09798021817034988,0.10175256808653924,0.03966221291109368,-0.2,0.16,0.31999999999999995,0.044050000000000006,-1.686896551724139,6.895788359503904,20.540000000000003,backward_45,backward,0
0.011091954022988498,0.010344827586206896,0.004770114942528735,0.08150649485035817,0.050350713079440106,0.02845814295387424,-0.16000000000000003,0.13333333333333333,0.21333333333333332,0.023336111111111116,0.2749425287356326,7.335823491229313,10.02,backward_46,backward,0
0.011321839080459771,0.00695402298850575,0.005057471264367817,0.11485789987959452,0.0513625244875056,0.04778939154426192,-0.2,0.16,0.16,0.06468888888888892,2.0637931034482757,8.823109344852336,8.633333333333335,backward_47,backward,0
0.020689655172413803,-0.012643678160919542,-0.007701149425287351,0.09554097978215417,0.06006200044203548,0.03517364462789453,-0.13999999999999999,0.16,0.21999999999999997,0.0363611111111111,1.4708045977011497,7.874258704391046,15.64,backward_48,backward,0
0.01793103448275862,-0.02362068965517242,0.001954022988505751,0.05921050551025987,0.08945166843173846,0.08458238794395108,-0.08,0.1,0.33999999999999997,0.20042777777777776,-1.566379310344828,7.832382360261082,12.125000000000002,forward_41,forward,1
-0.0013218390804597695,-0.01126436781609195,0.010402298850574716,0.03855366109461691,0.11055564494609575,0.08090222294267463,-0.08,0.08,0.36000000000000004,0.1864027777777778,-1.361206896551724,8.259513380883789,17.2,forward_42,forward,1
0.002528735632183904,-0.026034482758620685,0.012701149425287352,0.11714495555945556,0.0914937913075963,0.06675947972799272,-0.18,0.18,0.4066666666666667,0.12946944444444441,-0.1672413793103449,10.23836496379721,11.040000000000003,forward_43,forward,1
-0.005517241379310346,0.009137931034482755,-0.010862068965517243,0.08231412857794704,0.07228226841565319,0.08062334124004884,-0.13999999999999999,0.12,0.2866666666666666,0.185425,2.559137931034482,8.713904920929005,9.4,forward_44,forward,1
0.014195402298850565,-0.0051724137931034335,0.022356321839080477,0.08542450102243257,0.07424533659074795,0.10246516756325408,-0.16,0.15,0.28,0.3084694444444445,0.23109195402298854,6.6346145434059,13.660000000000002,forward_45,forward,1
-0.0028735632183908054,-0.012758620689655172,-0.002701149425287347,0.05712506564847074,0.06079381603313635,0.08684781182774012,-0.08,0.1,0.22,0.2114027777777778,-0.6572413793103447,7.6737433998558275,18.3,forward_46,forward,1
0.01005747126436781,-0.031609195402298854,-0.011034482758620694,0.09475164148033736,0.11191823365089287,0.10093650152398527,-0.13999999999999999,0.18,0.5066666666666667,0.28880000000000006,1.454022988505747,12.301960664037635,17.660000000000004,forward_47,forward,1
0.02310344827586208,-0.01580459770114943,0.030229885057471255,0.09208317080133366,0.0783087862876971,0.1076689555796899,-0.13999999999999999,0.20000000000000004,0.3666666666666667,0.3510944444444445,1.031206896551724,7.6470383347299755,17.82,forward_48,forward,1
0.02844827586206896,-0.012988505747126435,0.005517241379310347,0.07280373027367797,0.05342510577112338,0.024761174518725844,-0.08000000000000002,0.16,0.2,0.018050000000000004,-1.8935057471264374,7.524087659517313,77.28,left_41,left,2
0.009137931034482762,-0.017816091954022985,0.00017241379310344818,0.0706413654864395,0.02459635832622133,0.016283359089918504,-0.14,0.12000000000000002,0.08666666666666667,0.007425,-2.7409195402298856,2.823665841820103,61.3,left_42,left,2
-0.0077011494252873566,-0.013793103448275864,1.1963610179150394e-19,0.0506709228183833,0.0239663146197575,0.011952286093343936,-0.1,0.08,0.08000000000000002,0.004,-2.1325862068965513,3.448904887550779,59.480000000000004,left_43,left,2
-0.0004022988505747109,-0.00879310344827586,-0.006666666666666665,0.0701948184284929,0.046284353504292844,0.014907119849998596,-0.16,0.1,0.18,0.007511111111111112,-3.021666666666666,5.138621172925634,69.48,left_44,left,2
0.014195402298850576,-0.006264367816091955,0.006091954022988505,0.06936592167063951,0.04200258677883838,0.020587963919412162,-0.12000000000000002,0.1,0.14,0.012944444444444446,-2.0633908045976996,3.3331065255349652,82.75999999999999,left_45,left,2
0.003908045977011496,-0.017068965517241377,-0.0006896551724137933,0.08785842221201741,0.04414904224368273,0.01730628178328787,-0.13999999999999999,0.13333333333333333,0.14,0.008400000000000001,-5.505459770114943,3.549342759491801,96.82000000000001,left_46,left,2
-0.011724137931034483,-0.0032183908045977008,-0.0006896551724137938,0.08856268827048207,0.06455269017189849,0.024774848202325596,-0.16,0.14,0.23333333333333334,0.017200000000000003,-0.18770114942528726,5.9240121336108045,79.7,left_47,left,2
1.914177628664063e-18,-0.0034482758620689637,-0.0006896551724137933,0.0719181633679714,0.07992423375774367,0.024970288858371225,-0.1,0.14,0.26666666666666666,0.017472222222222222,-0.4183333333333329,3.3674623383032114,93.70000000000002,left_48,left,2
-0.023218390804597703,-0.01758620689655173,0.0002873563218390799,0.08090501367035635,0.04437302691096675,0.02380504884055145,-0.13999999999999999,0.13999999999999999,0.18,0.015869444444444443,3.8536781609195394,8.365152503655528,-37.580000000000005,right_41,right,3
-0.02477011494252874,-0.007643678160919542,-0.0006896551724137937,0.06503009702768989,0.0487126275987578,0.02419135537494432,-0.13333333333333333,0.12,0.18,0.0164,0.6816091954022988,7.614867403709734,-40.33333333333332,right_42,right,3
0.020172413793103448,-0.0030459770114942514,0.006781609195402299,0.07576900048202354,0.05674026901662361,0.018262476896559587,-0.06666666666666667,0.17500000000000002,0.2,0.010672222222222222,2.3928160919540233,5.592626380117503,-36.13333333333333,right_43,right,3
-0.0001724137931034506,-0.004540229885057471,0.007298850574712643,0.07586321340630515,0.05252153101900388,0.016585599229640147,-0.1,0.16666666666666666,0.18,0.009247222222222224,2.185632183908046,6.1713870347275135,-32.400000000000006,right_44,right,3
0.022413793103448276,-0.007988505747126437,-0.006781609195402299,0.06162415878381472,0.03802510477727033,0.01691441478374992,-0.06000000000000001,0.12000000000000002,0.16000000000000003,0.009344444444444445,0.1328160919540234,4.044552477268568,-54.866666666666674,right_45,right,3
0.0022988505747126428,0.0006321839080459768,0.0036206896551724136,0.060220187567751146,0.0434759872445193,0.017973023024807105,-0.06000000000000001,0.16,0.18,0.009425000000000001,3.6697701149425286,2.4376042719757125,-40.38,right_46,right,3
-0.008275862068965517,0.004310344827586208,-0.0002873563218390804,0.06365750800277335,0.039055102611006066,0.01855958318709819,-0.1,0.1,0.12000000000000002,0.009647222222222224,3.50683908045977,7.691481147259128,-32.54,right_47,right,3
0.001609195402298851,-0.018218390804597705,0.0028735632183908054,0.05150797973049228,0.049501344848018554,0.02796999721826425,-0.08,0.12000000000000002,0.18000000000000002,0.022144444444444446,-3.1041954022988505,7.904457059143013,-42.96666666666667,right_48,right,3
0.012643678160919544,-0.019597701149425287,0.04356321839080459,0.09131156027555445,0.039595311902866435,0.21259672128323887,-0.12,0.18000000000000002,0.14,1.3205611111111115,-2.0106321839080468,5.284321944718654,28.8,stairs_down_41,stairs_down,4
0.009597701149425287,0.023333333333333338,-0.033160919540229865,0.07639139917256667,0.0393271786952355,0.17112973405720389,-0.12000000000000002,0.125,0.18,0.8518805555555558,5.524367816091956,16.092887007407004,34.75000000000001,stairs_down_42,stairs_down,4
-0.008850574712643689,0.0016666666666666698,0.057183908045977005,0.09304494502815738,0.05363752536223243,0.19697267529067541,-0.14000000000000004,0.15,0.2,1.1811805555555557,1.1825862068965523,11.891682191204803,25.220000000000006,stairs_down_43,stairs_down,4
-0.032356321839080465,-0.03298850574712644,0.06431034482758621,0.09936456568099156,0.04827455233190875,0.16388967279691552,-0.26666666666666666,0.12000000000000002,0.18000000000000002,0.8720138888888891,-5.598735632183906,10.678762854768074,33.32000000000001,stairs_down_44,stairs_down,4
0.00040229885057471303,-0.00011494252873562941,0.00793103448275864,0.08874081125292993,0.06810637547144681,0.21747863203393555,-0.2,0.13999999999999999,0.29333333333333333,1.326138888888889,3.5135057471264366,19.538215832254807,16.54,stairs_down_45,stairs_down,4
-0.025517241379310343,-0.04908045977011493,0.05114942528735634,0.07990334370334806,0.0636810414570216,0.1426514117958751,-0.13999999999999999,0.1,0.2,0.6456555555555558,-8.224540229885058,8.780373583323536,18.35,stairs_down_46,stairs_down,4
-0.009540229885057476,-0.002988505747126436,-0.0006321839080459724,0.08912927181120722,0.038930084131237684,0.1608462330091532,-0.14000000000000004,0.18,0.135,0.7244138888888889,-2.2801149425287357,8.434149424742452,24.080000000000002,stairs_down_47,stairs_down,4
0.007413793103448277,-0.01988505747126437,-0.00959770114942529,0.046555109447342924,0.035804060674874176,0.21027743161950307,-0.08,0.08,0.14,1.2407361111111115,-1.1721839080459762,9.979805703526065,26.833333333333332,stairs_down_48,stairs_down,4
0.015574712643678155,-0.0005172413793103615,0.005459770114942534,0.1005049511751932,0.10326332444893109,0.13651770086384996,-0.16,0.16,0.3866666666666666,0.5227027777777778,-3.403390804597701,11.450778935902845,28.26,stairs_up_41,stairs_up,5
-0.0031034482758620537,0.026034482758620685,-0.024540229885057482,0.10783468032750652,0.09290122527373788,0.13664553883706654,-0.15999999999999998,0.20000000000000004,0.36,0.5402805555555557,1.2840229885057466,11.514378941434543,35.24,stairs_up_42,stairs_up,5
0.00132183908045977,-0.017068965517241384,0.0074137931034482536,0.10704673666869824,0.13574723766695618,0.16354674238826283,-0.16666666666666666,0.2,0.5249999999999999,0.750525,-2.0141379310344827,10.183210569565235,32.7,stairs_up_43,stairs_up,5
-0.0025287356321839127,-0.012528735632183917,0.012528735632183917,0.1221302491436252,0.09021317422362994,0.19695228487577576,-0.24000000000000005,0.24000000000000005,0.38,1.0906777777777779,-1.825287356321839,11.052572830215325,42.739999999999995,stairs_up_44,stairs_up,5
-0.01304597701149425,-0.021436781609195408,0.032931034482758616,0.10387155239968299,0.12159303393033313,0.180270770313568,-0.22000000000000003,0.12000000000000002,0.46499999999999997,0.9413805555555557,-2.717758620689654,9.65921001049361,31.04,stairs_up_45,stairs_up,5
0.01206896551724137,0.0047701149425287345,-0.017873563218390804,0.11405378080169666,0.09529582609858478,0.1479964717992447,-0.14000000000000004,0.22000000000000003,0.4666666666666667,0.6225472222222223,1.5760344827586206,15.338678696763996,61.08,stairs_up_46,stairs_up,5
-0.0009195402298850586,-0.0029310344827586103,0.00959770114942529,0.09667137325046267,0.10041546153437463,0.1677415666110512,-0.125,0.2,0.4266666666666667,0.7905138888888888,-2.001091954022989,5.393905063712536,38.50000000000001,stairs_up_47,stairs_up,5
0.00747126436781609,-0.01758620689655171,-0.009425287356321829,0.09415204341751425,0.08683544258348633,0.1677992918745044,-0.12000000000000002,0.175,0.31,0.7909611111111112,0.3257471264367806,6.5796058979682055,7.4333333333333345,stairs_up_48,stairs_up,5
0.0033908045977011493,-0.007471264367816091,0.0,0.008869453986127986,0.017854241690986303,0.0,0.0,0.03333333333333333,0.06666666666666667,0.0,0.20793103448275863,0.9783693728448648,0.5666666666666668,wait_43,wait,6
0.0033908045977011493,-0.01017241379310345,0.0027011494252873565,0.008869453986127986,0.02551199852942763,0.008290530468976843,0.0,0.03333333333333333,0.1,0.002136111111111111,-0.562873563218391,0.7385125455719485,2.8000000000000003,wait_44,wait,6
0.0,-0.004080459770114942,-0.005517241379310345,0.0,0.009360358480964979,0.011827995512026214,0.0,0.0,0.03333333333333333,0.0048000000000000004,-0.8874712643678164,1.6059154490173033,3.7,wait_45,wait,6
0.012816091954022987,-0.01626436781609195,0.004482758620689655,0.042861681022269005,0.05041426631911647,0.01915425813798695,-0.04,0.16666666666666666,0.16000000000000003,0.010855555555555554,-2.274540229885058,3.2657984042644324,8.84,wait_46,wait,6
0.01017241379310345,-0.02396551724137931,0.008793103448275864,0.02551199852942763,0.055923725324652625,0.024916115425197678,0.0,0.1,0.2,0.019625000000000007,-0.6117816091954021,1.7880529677375725,1.26,wait_47,wait,6
-0.0006321839080459773,0.0,-0.004022988505747127,0.013261815584598154,0.0,0.024742792927658235,-0.03333333333333333,0.02,0.0,0.017611111111111112,-2.7174137931034474,2.344593727169891,9.0,wait_48,wait,6
0.033678160919540234,-0.0421264367816092,0.006839080459770115,0.04537624743649065,0.055615061180439206,0.014116471491779227,-0.04,0.1,0.16000000000000003,0.006936111111111112,-3.6316666666666664,7.4042932167179325,27.140000000000004,wait_49,wait,6
0.00689655172413793,-0.003448275862068966,0.00689655172413793,0.013390681268239724,0.007688517444384895,0.012277577784569626,-0.02,0.02,0.02,0.005600000000000001,-1.0141954022988506,1.6452066306972515,9.3,wait_50,wait,6
