event,samples,acc_x_mean,acc_y_mean,acc_z_mean,acc_xy_mean,acc_x_std,acc_y_std,acc_z_std,acc_xy_std,acc_x_max,acc_y_max,acc_z_max,acc_xy_max,acc_x_min,acc_y_min,acc_z_min,acc_xy_min
ROTATION_90_LEFT,18,0.023945437982727566,0.15472314715902835,-0.12317464166829982,0.6391653697875948,0.5536547719262406,0.4520504704294722,0.42813355112381357,0.32291501130376415,0.8083969883069395,1.2505302224487065,0.9316483971834182,1.3492869299201582,-0.9125430800233036,-0.5143441185455769,-0.780428492668271,0.16324569055824334
ROTATION_90_LEFT,16,0.0257545253666467,0.24360389970736573,-0.057169053822942094,0.6411315267248288,0.5275076845407572,0.44509067825133863,0.4862559535535313,0.3192549004834663,0.8704465441804379,1.2841060365751384,0.6836930425345897,1.323457595096105,-0.7301420744985342,-0.2515743488635867,-1.3130232112407685,0.1222493118917129
ROTATION_90_LEFT,20,-0.04109092347053343,0.17783599185764787,-0.05280553215771914,0.6107313128621878,0.5158964094507044,0.4592939595355528,0.33024387097373176,0.34575076466598714,1.1543565709162502,1.4107491337165237,0.6104863520264625,1.4142514759528388,-0.677807637757808,-0.3823237122800201,-0.978710592609644,0.20666294943713712
ROTATION_90_LEFT,17,0.04492722814965667,0.170846959037268,-0.06415327164425569,0.5276315970964363,0.4493313411065802,0.4164901417098877,0.39709768109849336,0.3357461564051067,0.9450498036134988,1.133847743633762,0.7814385464936494,1.2579235049648578,-0.5447575961835682,-0.3759108495630324,-0.8546353001296519,0.0422714133670049
ROTATION_90_LEFT,18,0.10970370656240008,0.18223947249463657,-0.030462260860701425,0.4680662389962235,0.38481890703618454,0.3768613997127531,0.2745180904555914,0.32564452284048606,0.8984467501316219,1.0953892720323055,0.3048375178217887,1.1830584592967157,-0.599538330097869,-0.3911104645214974,-0.7287824765831231,0.062431095628852705
ROTATION_90_LEFT,19,0.01940615750190458,0.15252817217935072,-0.06670339225640423,0.5303881118656482,0.5135550250894546,0.37033795216489845,0.4560317167700579,0.35903182270594247,1.0223631987880917,1.140279164920747,0.5403098229944706,1.1451054171991888,-1.084665414248407,-0.2157585737906396,-1.2661270200312136,0.11712234125423986
ROTATION_90_LEFT,19,0.0044144400592305314,0.1566979975188249,-0.030182618410336322,0.4652153573303545,0.42220693076240506,0.323454253261264,0.30268930312962516,0.28349840615624067,1.0281696931097657,0.9170109461523592,0.5108224472254514,1.0393795013352127,-0.5363283156102523,-0.2868235760949552,-0.5456698887228966,0.059472111531486425
ROTATION_90_LEFT,20,-0.0009448654782888436,0.17882837120238687,-0.045682752992659795,0.481718873736647,0.4327803144018794,0.4174742240067757,0.2693186137030727,0.38856247568539337,1.087719102730602,1.5791751707069577,0.3830056301295757,1.6029630920398548,-0.6116982120342552,-0.3044870969489217,-0.7627823613405227,0.009091306588389672
ROTATION_90_LEFT,22,0.055313098745561846,0.1301207898316058,-0.04066688829281113,0.4965182851687887,0.47355980762711336,0.27053379476693373,0.27032472463782536,0.24519458405398714,0.7261941405903548,0.7831499535214156,0.5624029968589545,1.0550394036659156,-0.7069542372651397,-0.253876342195645,-0.5013251355618238,0.018841281105143534
ROTATION_90_LEFT,18,0.027532657952888655,0.1206646701709574,-0.0507661807474163,0.36326077959798075,0.3211831688723103,0.2660684083996767,0.34277488606513634,0.22460953394062833,0.743793802427873,0.8044170518252998,0.5075917947411537,0.8167402143446282,-0.5599511832600459,-0.2181931074611842,-0.8063081993341445,0.09230246432535151
ROTATION_90_LEFT,20,0.019882191503965297,0.12871684928856786,-0.05511258160412312,0.41972421824502426,0.38468041319976437,0.28079025455148465,0.29081288683069806,0.24338833477966426,0.7802007483270019,0.9404181252248583,0.4792763853609562,0.9883606312420756,-0.5294108278393745,-0.2351747104655951,-0.6790957778722048,0.1052713475393727
ROTATION_90_LEFT,22,0.01830995795497492,0.1304394671804864,0.003479951070249058,0.358688949481589,0.28650510430220094,0.3308150773109753,0.35126874410751663,0.2737066921988112,0.5307974598921835,1.1141215180963278,0.6652911244034767,1.1791344190700759,-0.5448270081579685,-0.1992860893521457,-0.7436649884164332,0.044462459733786736
ROTATION_90_LEFT,18,0.08721122902558483,0.10339547224887129,-0.035844408527182216,0.4214244841258574,0.29920149199471047,0.34996161388274755,0.32620470850129213,0.208138834036221,0.6228223942473531,0.8652904035262763,0.6532382830381394,0.9026460785511699,-0.4070895028872415,-0.3777675102803856,-0.596276040366292,0.14625619311978366
ROTATION_90_LEFT,22,-0.0616742766297274,0.11803724446132437,-0.05176831400597636,0.4552369647047209,0.44290244440393145,0.2696691669373306,0.2499302447236189,0.2652467519429785,0.925726752049476,0.8353096912823617,0.4101847289562225,1.0116371991635609,-0.860336069054529,-0.3721731243394315,-0.4656429968059062,0.06247027245691419
ROTATION_90_LEFT,20,0.010615140365678816,0.18229461888758466,-0.06519950049787758,0.4660545420608761,0.45804334076458636,0.22454000530002582,0.250171709984163,0.25822877108191555,0.8366490501273423,0.7006016533680259,0.2757639835506677,0.9792608326165979,-0.7057842436376959,-0.0714691991910338,-0.6568640723198652,0.07558045966827778
ROTATION_90_LEFT,19,0.09788890409897029,0.1247104024319076,-0.07326240467350735,0.39941265850297253,0.3107240964976798,0.33095594576079324,0.23736218014859561,0.25341533693931817,0.6395795408461242,0.9804138893961906,0.2193102749228477,0.9923931466917905,-0.5046805834695697,-0.2098752148404717,-0.6871177562862634,0.01382947952285496
ROTATION_90_LEFT,22,-0.021052504874846306,0.09037178024754608,-0.0526123636146838,0.38874891337702794,0.38328292269440273,0.23993088341276855,0.36787238632328484,0.23488449623245042,0.8624225199397653,0.5562712161056697,0.6540495994210243,0.863593115006995,-0.4723416541943326,-0.2573867614693939,-0.8656956233263016,0.08029210747971147
ROTATION_90_LEFT,43,-0.008205309393060344,0.08724722064883382,-0.03133487274639828,0.4138158760574728,0.4928546291429922,0.3105790925763079,0.30455439014821367,0.4146160855998225,1.361913206616044,0.9589840748112648,0.8742366571784019,1.3906932837026706,-0.8670047331634908,-0.3894770181007683,-0.8783212961435317,0.03759208757754656
ROTATION_90_RIGHT,22,0.04875073801677843,0.2061382169480859,-0.05214734988226132,0.5217978516808865,0.48880972026441627,0.33115383844928264,0.2685041995500495,0.33221329741644845,0.8268436223626137,0.9985817065104842,0.3504781560122966,1.1710268201074252,-0.9680994014199824,-0.2646617209084332,-0.6392758086591959,0.12421231574435497
ROTATION_90_RIGHT,17,0.034745672368291125,0.21609362087821696,0.024002153588919085,0.56793039126177,0.5013773961794973,0.3611239772053363,0.27158247213767006,0.2999725484349087,1.0185879180330784,1.128274181285128,0.5735837315648794,1.1290987869262892,-0.5767290073206648,-0.2848994030993431,-0.4098620728731155,0.11855805262696449
ROTATION_90_RIGHT,21,-0.00841588788948332,0.15299380667495233,-0.048863413546482715,0.5595667420739641,0.5756106154748691,0.32571276816946393,0.4006297498227705,0.3650993438384859,1.220037322898954,1.159053277365118,0.7364981655269861,1.2260713111354373,-0.6427321596581489,-0.4425014829322695,-0.942753144043684,0.11852716341092148
ROTATION_90_RIGHT,22,0.06171620528158435,0.23804745289031407,0.006124886051904078,0.6144316474277992,0.664412241032876,0.1567735107581184,0.3669200230663556,0.3658867782231422,1.1607858733113854,0.5242145743705332,1.0640613098978997,1.3236452861307253,-1.2154159467086196,-0.028513489235565,-0.8842261362731456,0.04649241767031165
ROTATION_90_RIGHT,23,0.03562169831891787,0.13742272434938374,-0.056117379815293404,0.5564980168757881,0.5751248470940029,0.23726818379985723,0.33330460962045994,0.29046155559305914,1.00484420097135,0.5411567221473902,0.3453682656526565,1.0051790552110225,-0.8382587503463029,-0.3786091487362981,-1.058079312878847,0.0485970887540354
ROTATION_90_RIGHT,20,-0.07364504995935126,0.24034538014197712,-0.015395546695888048,0.7078437727234933,0.6876384500002345,0.24343313996379748,0.336071033648176,0.26684847569058506,0.7727776125889271,0.7139950226221233,0.77164605127573,1.3238755010528978,-1.323672907809913,-0.2319569905281066,-0.537200166541338,0.1911128556539175
ROTATION_90_RIGHT,27,-0.0016758176615642875,0.12414989208616316,-0.0699567271525109,0.5711450958054795,0.5804555812711225,0.2740319132912163,0.4082366111359106,0.2987941864327363,1.103536630391702,0.8016114198200405,0.8235358129888772,1.1694323321954527,-1.0987738729692995,-0.5275399194009601,-0.9311346024423836,0.09744949088883093
ROTATION_90_RIGHT,24,0.030146340669331636,0.10098165155799749,-0.011087941855937247,0.6372846126028671,0.6466742295572353,0.3266582904949965,0.5601958513642269,0.335697171540112,1.4723948580294846,0.6549276974298059,1.075237368428707,1.4950969816062682,-1.0054471353005616,-0.6002757044617086,-1.2325520826876162,0.11400402207965817
ROTATION_90_RIGHT,24,0.07298886248938506,0.2294282179247743,-0.058656430658946414,0.6435642889084547,0.6762865994890048,0.36043886469857217,0.4408759028624146,0.4643081112813487,1.4606637959644198,1.3869149614036085,1.255714347088337,1.5309013151689173,-1.11518973184973,-0.4003623500566929,-0.7350520583719015,0.07893343462229203
ROTATION_90_RIGHT,22,-0.008713475489710605,0.20318241097380996,-0.03145041282800112,0.611320693580767,0.6356277842185301,0.29053570387814054,0.684795949305508,0.3745041014284128,1.197199614277482,0.6675939945183694,1.550204073897004,1.40426404871085,-1.320208884961158,-0.1682246691994369,-1.3418541689276695,0.09899830502941148
ROTATION_90_RIGHT,23,-0.052799112185437,0.157781995035222,-0.07098721006499685,0.6190607077419488,0.6870983794916501,0.23412986160310176,0.3786992463872041,0.3939621909626621,1.0096432718161492,0.4754176641061902,0.800971514481306,1.4879018985363552,-1.4262274194858968,-0.3418064084526151,-0.8409621640861034,0.022345353264931287
ROTATION_90_RIGHT,20,0.009822878483082165,0.20075696927556766,-0.08381634732782839,0.6949226099251982,0.6828944794574895,0.27222271234697204,0.4346318650674511,0.2732070494980536,0.9739482005134223,0.6893620280817151,0.9985703083336352,1.2623751880221412,-1.05753066602014,-0.2778898896634578,-0.8131020972579717,0.18564855569634825
ROTATION_90_RIGHT,24,0.006211296279879763,0.1696677411028339,-0.037195027536898836,0.6213022673455265,0.6549762641091125,0.22114169297302855,0.41187432933606927,0.32430962976407796,0.8091285905171185,0.5090013692781329,0.7624187887251377,1.5257726939128438,-1.499909910812229,-0.2186183471359312,-0.7211591420978307,0.1889024990299515
ROTATION_90_RIGHT,24,-0.019489055780693893,0.20505262612276706,-0.07718543359090885,0.6481358122502326,0.6669191275770412,0.27276122380097834,0.6497874540347646,0.35370391094777665,1.0346123664431273,0.850387725687772,1.437113701289892,1.204560310386231,-1.0984095697015523,-0.1489928030502051,-1.2835124545961618,0.08418416251313814
ROTATION_90_RIGHT,21,0.01570837961464423,0.1813512216073771,-0.008683796365062404,0.7451786934707432,0.7487107168213426,0.3508459972384957,0.45046008333975135,0.36796273113664274,1.2920973275899887,0.9680357615992428,0.9071177670389412,1.4438268860065253,-1.199377542838454,-0.533647844354622,-1.1412485944747923,0.09574949503987919
ROTATION_90_RIGHT,22,0.0007972874423891039,0.19703517858364022,-0.062247037922387755,0.6936005475631859,0.6993925668206814,0.34287267378017294,0.404447663670212,0.3786733358552463,0.9961999259404838,1.0179676672428846,0.6469283692389727,1.5839835002901217,-1.554868266315758,-0.3961567881256341,-0.9246890795648096,0.1831987381912008
ROTATION_90_RIGHT,24,0.04772995041694763,0.14759276961532108,-0.0038884588059037994,0.5565013296341651,0.555400800110357,0.2725742457957659,0.5374805691373395,0.29106018528883537,1.0874325408741832,0.6670123952381313,1.0429723446398973,1.1496596245885855,-0.8656339562669396,-0.3731055098187178,-1.1140297481596468,0.1191957183158172
ROTATION_90_RIGHT,19,-0.051742794595701684,0.20808149021026723,-0.0424909881343967,0.650678820833889,0.6688695826014216,0.2271348424610797,0.4729629229942353,0.31717811395574275,1.1989235885258764,0.5622484638843686,0.8180740404516458,1.2392100109371855,-1.1949318154759705,-0.3282977422557771,-1.3686357928693291,0.17817101931933058
ROTATION_90_RIGHT,23,-0.0025169353732434558,0.13431842548411496,-0.01950381813515788,0.5595097426260189,0.5523700811376037,0.3041344042015636,0.37799318516581454,0.29866004119839523,0.8103734760116785,0.6409038482524454,0.4929577047109603,1.1376076657676144,-1.1065749751742928,-0.4446536925300955,-0.9218938958883284,0.0988361898704699
ROTATION_90_RIGHT,33,0.056019109960543836,0.11357892884428075,-0.08194371632111797,0.6001319467523243,0.6509296679255665,0.3953982651423263,0.4446758497067739,0.47452653209949297,1.8491230153247715,0.8438521864391862,0.9995148957073688,1.856086145385725,-1.7170207759946583,-1.0647228425465525,-1.526688758274913,0.012670915591341605
ROTATION_90_LEFT,25,-0.034510179673619565,0.23938200550405678,-0.07859338705384729,0.5114810927067871,0.41136738106812276,0.4021975188585882,0.3940438881464836,0.34554955715385666,0.7156694586403668,1.281393562746048,0.7522527840197086,1.3114989500364616,-0.9966679818436502,-0.2409962562259286,-0.8577584005862474,0.10969872911745482
ROTATION_90_LEFT,22,0.04619597819848091,0.12436166004930534,0.03390434199761258,0.5007460576203816,0.527583031365297,0.2121602755378739,0.3864902442470532,0.28125946961833187,1.0223097150351852,0.5098665347401052,0.7251701313048601,1.0642170505546629,-0.7179398147251457,-0.322746683999896,-0.6291752704054117,0.12934523934993766
ROTATION_90_LEFT,21,-0.01995142803481622,0.11253017448248964,-0.022410764091213536,0.4616813168686325,0.45589621687677984,0.25114763947877977,0.24748869941572313,0.2466242724219639,0.9277684870101512,0.7873747316095978,0.571939471489191,0.9282541817910419,-0.6793994369938969,-0.2158895797591656,-0.4686977082014084,0.1876844139721769
ROTATION_90_LEFT,18,-0.06930761187309921,0.13970841972161496,-0.030673727891014673,0.509242233589402,0.5129665869457692,0.25702384862833905,0.27450845400349516,0.28348977156301663,0.7245183893978595,0.7597732426524162,0.5057680864453316,1.1385563808173516,-1.1363069002889097,-0.3602635639023036,-0.4768225624680519,0.13882095956116164
ROTATION_90_LEFT,21,0.040219134166495266,0.15596580822306375,-0.06262606494228044,0.5555989929916574,0.5623830005317731,0.23490012267054178,0.36444898266367487,0.2730714403702989,1.0951825704790652,0.7633380224619061,0.860435510841012,1.101304046907841,-0.9202428407456724,-0.0972273253038525,-0.8728501712560653,0.1157680692317616
ROTATION_90_LEFT,21,0.004874386968688759,0.10864837505097194,-0.009639712329705551,0.4018496754374713,0.3899303706924525,0.32404721061350733,0.3349593188608252,0.3160927228917191,0.911469532507658,1.0214559477500618,0.5467699589192867,1.0558573875441184,-0.5744627794217319,-0.3044081864938139,-0.6787947490990162,0.0381039221956764
ROTATION_90_LEFT,20,-0.010455626625271977,0.1343127330668643,-0.05994143383920193,0.39051111236335045,0.3485132275837289,0.254314362742883,0.3117747242687118,0.2114628327825406,0.6765399559095502,0.8097272139973938,0.3400648985475301,0.8106272047501484,-0.6760487383265048,-0.1707631747011095,-0.7159767710238695,0.06050714205642196
ROTATION_90_LEFT,22,0.04607858945199619,0.1032177646788345,-0.08386329506324096,0.4090852467717498,0.4082017578898745,0.25142477652572087,0.2815392547864397,0.2605932658423983,0.9003811522603035,0.7667923276342451,0.3417331240206956,0.9709959724718351,-0.595703537707962,-0.2360860531568527,-0.5538280607372522,0.041417620647377515
ROTATION_90_LEFT,22,0.004116769817896951,0.14740385169775477,-0.04010197445560584,0.4411875654279928,0.47976586475728933,0.20805286586748598,0.36832732250457856,0.30385234027002495,1.0280597299292682,0.584507203574106,0.4664087204813957,1.1344363823895194,-0.9722639737535268,-0.1706882828339934,-0.8650807062983512,0.07170386782059039
ROTATION_90_LEFT,20,-0.014847245983737517,0.08604064674096183,-0.049371319925338025,0.3904293907725255,0.37209330060646756,0.3021099549700678,0.3517714587121675,0.27801170216135085,0.6449345650732516,0.8994920944660901,0.5034416893243789,1.2180980803568344,-0.8213871835876255,-0.2029706230837851,-0.7955021431595086,0.043392647492974945
ROTATION_90_LEFT,21,0.013595582731712293,0.17720635079288233,-0.05749209784766039,0.5116261433794906,0.4494363499976535,0.29485371237494684,0.26556239957137157,0.21736753539653447,0.7862245386611669,0.9185286572389304,0.3699596860736608,1.0659066307034715,-0.6137026106592267,-0.2309378766134381,-0.6455237631380558,0.06907811634706344
ROTATION_90_LEFT,22,-0.0019573361024122823,0.10632670044304633,-0.07786857140849936,0.44213871845936714,0.42033532863922474,0.24913595471637395,0.34271920950964485,0.2140156765293548,0.7271771602783351,0.7568505601387471,0.5537789608985185,0.8304615909692216,-0.7116957327038049,-0.2047219602631405,-0.8277291730254888,0.14342647395601188
ROTATION_90_LEFT,20,0.008554146322053837,0.09660012966295703,-0.05134668242543935,0.41476153542381117,0.42332885646797647,0.21278097751190317,0.3063754643859011,0.23087143621508951,0.719812111403048,0.5017518730739131,0.5691127236306667,0.8955014740440782,-0.741733070505783,-0.2085544876307249,-0.6307178236722946,0.051642708400640946
ROTATION_90_LEFT,23,-0.026460909050983444,0.072786756004879,-0.025824634538266975,0.3462819674572701,0.3759412504647905,0.18319744386862494,0.3004100104374576,0.23622478532550226,0.7586380280774087,0.5054477319171652,0.5103992533773184,0.8920710195460152,-0.7975585642326622,-0.2262753646951168,-0.5824211180150508,0.06815989181445732
ROTATION_90_LEFT,20,-0.016500415451666344,0.14643689706252888,-0.08635171102434396,0.4417462636425542,0.3925293367760177,0.3080457627494486,0.28397304493880726,0.25772111744459597,0.8589735485296696,0.9119225369721652,0.4621358654677868,0.9338514098998679,-0.5415979631088673,-0.2629261292874812,-0.6589186667621135,0.07311977131792056
ROTATION_90_LEFT,24,0.003707887207763267,0.09670503216253128,-0.026265807729090245,0.45043019201275536,0.4183611130665025,0.24600034999795078,0.39364098827686606,0.183320642472253,0.6893745953023434,0.6544727932691574,0.8875508967816829,0.7615068737097631,-0.7609465972807258,-0.243415117403306,-0.98627079873085,0.16647474357077507
ROTATION_90_LEFT,22,-0.011862096263341266,0.08793365641698582,-0.05599905687435107,0.3870313929016824,0.35149888681040126,0.2635563891461907,0.2363681550039462,0.21055894222191268,0.7591165323093533,0.7378503838535397,0.4567413129478693,0.8329177260934486,-0.4220999519491568,-0.2774708605337888,-0.4581599475741386,0.029403490428352906
ROTATION_90_LEFT,21,-0.03763134572808631,0.12719422821812326,-0.06714377895891666,0.4732698465800028,0.4317398004277916,0.26459190617991885,0.4085457150555905,0.19924553041505405,0.8577981480747461,0.6285752586856485,0.6973176632612943,0.8578203019159011,-0.6345998527374118,-0.482785014536418,-1.004546460133791,0.12572665381892476
ROTATION_90_LEFT,23,0.01709852723703192,0.12672469989160964,-0.039444248707916414,0.4076833762638266,0.4041124661252341,0.18864155957066256,0.2495894073952365,0.2054914632249448,0.965715648088604,0.4918311848990619,0.429764458695054,0.9766715659229689,-0.4582126641420647,-0.2250348631147295,-0.5543582220911979,0.10007382626513006
ROTATION_90_LEFT,21,0.03608554323275261,0.14670299073681228,-0.057408399879932404,0.5391280285588804,0.5253776315064511,0.24611666932021373,0.3660884332733381,0.235304522875218,0.988931396242231,0.6235274737767875,0.6846633488714695,1.0273410195276453,-0.9893043942730874,-0.3393473979279399,-0.7846651073247194,0.1870773131789894
ROTATION_90_LEFT,24,-0.014756163012496363,0.046238684759855576,0.05529891256950794,0.38525827146144903,0.34356126020872224,0.2721385751401668,0.46409946665358986,0.1991852854651435,0.6717733260296285,0.5370609042011201,1.338038994553685,0.9137010694677755,-0.6371473452631383,-0.7669567974809557,-1.2443763759940862,0.08153324336535926
ROTATION_90_LEFT,19,-0.05969093914649229,0.13508749260474973,-0.0881621752847182,0.40513930735909903,0.3939499695450356,0.26590601816989057,0.3453572566304797,0.27508063784364034,0.9971065193913876,0.8587157743763179,0.5698959829628467,1.0400251154075502,-0.7396415781192481,-0.2956870468344539,-0.6572083557128906,0.07871637554892746
ROTATION_90_LEFT,25,0.06037262248548119,0.1492595664195679,-0.05370608165228365,0.3851269677149896,0.42686827265361293,0.20936114356133176,0.2788367166476195,0.3139253438626528,1.2952778573222457,0.7708940638646483,0.4480786985427141,1.2973809771737908,-0.4320075614467263,-0.1147797869987785,-0.6663590458959341,0.019967860380700458
ROTATION_90_LEFT,22,-0.03600038269510155,0.11251347358030772,0.037537039265307506,0.36643901335046664,0.3552912998648042,0.2612130282386445,0.41364730994956417,0.26155741651359016,0.8888992426507174,0.9336777841191738,1.301410514858365,0.9911543311224379,-0.6137161277279257,-0.2902109900435433,-0.9612848260343074,0.03756001696698753
ROTATION_90_LEFT,22,-0.0017982496275799468,0.12511986879919318,-0.09912649006179787,0.46970217023021077,0.4628840121292314,0.279139569089704,0.4016562077755636,0.27831367762096276,1.1041308699578043,0.9214797621294856,0.9925842196613548,1.1067198307160362,-0.6544659982021898,-0.2907389959730208,-0.6470195546537637,0.049809625123112294
ROTATION_90_LEFT,23,-0.016723499064761928,0.0766653303550232,-0.0699992410014505,0.35960444025721194,0.33694694828370386,0.2565756333460189,0.1916253908472788,0.22496244296001308,0.8909580018114298,0.7726783169329166,0.2802753234952688,0.8909722881564506,-0.4379878779653459,-0.3616043840520083,-0.4868804306238889,0.05462631912249861
ROTATION_90_LEFT,24,-0.02506081851733809,0.11922136638691493,-0.04550882850438356,0.4071017372850463,0.3958117970742393,0.2497854559410237,0.25312247552643174,0.24821214769194896,0.8697250980380922,0.7240195730302482,0.6034206514239311,0.8883752390028371,-0.5147875514641403,-0.2170243559427559,-0.5040519301772117,0.0887231707996768
ROTATION_90_LEFT,23,-0.0004494596092698464,0.07812163408149597,0.014767894714941148,0.4356603638598693,0.43474207960204725,0.24800138665186652,0.4409436265467035,0.24178244327530898,0.8338273437701165,0.875351267356798,0.7924030081003904,0.8826699630919498,-0.6820528741121292,-0.2878225240044295,-1.2327701093524694,0.06067419667337793
ROTATION_90_LEFT,24,-0.02707780491253552,0.11634852197530367,-0.016871177077417573,0.3932589190902143,0.4136918547475282,0.2513165410218168,0.2621739037453306,0.2963359257385501,1.1380674802206456,0.8336701073817908,0.6012994214862585,1.1449661198501688,-0.5013733220851049,-0.1881544544849544,-0.4554173708677291,0.013266397523001117
ROTATION_90_LEFT,31,-0.0157057198780063,0.01428868826766529,-0.03228700935407994,0.40918149517368796,0.4382033849935582,0.19366446810605614,0.4279956538852539,0.23871220697434048,0.8856400216590613,0.4193495207298546,0.7506383345603942,0.8938094312772039,-0.7124640867277979,-0.3436677453450858,-1.4098539384424686,0.1013031076765002
ROTATION_90_LEFT,25,-0.05293453613877296,0.12702718647509811,-0.01633509549093247,0.444850844044267,0.40862437837791865,0.31642276374584055,0.3736092875631408,0.2840537212129994,1.219613471463695,0.8420682256318628,1.0804454584658143,1.2197649868453526,-0.62497979147695,-0.3084996205259114,-0.6068196462124585,0.0998422744232048
ROTATION_90_LEFT,24,-0.028048206291304566,0.17514966594552775,-0.04028025584605835,0.4648763720879394,0.4462066306183958,0.2853218968310987,0.4600403355914799,0.29636957327780666,0.9914123994030056,1.1488953098356722,1.0845376962155102,1.1489324858696586,-0.8294131075244396,-0.154415924077481,-0.8121458194464445,0.10324210217673682
ROTATION_90_LEFT,27,0.008448339944619994,0.0650412802996769,7.893210406655853e-05,0.4152713040675433,0.3994396728484503,0.26874712606744794,0.34218510841433236,0.23908430753320006,0.8436277300335466,0.681052611028403,0.7241811202675104,0.9260655269318755,-0.7156717967279255,-0.3819549885654821,-0.5428963323563337,0.030504042738257693
ROTATION_90_LEFT,28,-0.014521406474383545,0.050932697145594265,-0.08023040991351008,0.4044746843772387,0.3939233630506373,0.21321622288904024,0.26578407443483076,0.18408327676010144,0.8327393293377011,0.436487592937611,0.4584492859095335,0.8339162991019565,-0.6613761429168283,-0.3778492702797055,-0.5610679488629102,0.06543705425848763
ROTATION_90_LEFT,28,-0.03450277581666593,0.1052483546037547,-0.07637801402062176,0.42382593494212417,0.42293762654469064,0.2539453364639745,0.4468047493330394,0.2642066568939148,0.972270622690022,0.7149288694061339,0.7221323710441588,0.9753642335359411,-0.973250427507609,-0.3763163616240024,-1.458063550338149,0.09868498540851835
ROTATION_90_LEFT,26,-0.002835263120019455,0.13565737092785238,-0.06405548324802747,0.4406369231686294,0.48247714617766474,0.20007761654931616,0.30356892969404164,0.30005885204419297,1.0441129660423845,0.6477797253713011,0.571518031206727,1.1288155011865688,-1.1282634406954049,-0.1773176743784919,-0.6234370190143584,0.05288446337985303
ROTATION_90_LEFT,21,0.018716457449318807,0.16031462759707746,-0.08194172995885213,0.4700315528087294,0.39567018541651067,0.36590142334106385,0.4155592892484074,0.29294409610721245,0.6152310623355209,1.2442035036452117,0.8340729890942573,1.3080168971295654,-0.6987168625347315,-0.2788938425416126,-1.2940689199239015,0.03910810594457469
ROTATION_90_LEFT,24,0.006636319803302944,0.07168731338195113,-0.0018495733894407854,0.49325129941587714,0.5111474236721549,0.2074152272893296,0.30242913851708597,0.2362758166099316,0.901468216844648,0.5879271680854261,0.5856482633680105,0.9715970003421925,-0.775794476192072,-0.2023940287722274,-0.6947171253740787,0.08779130259474016
ROTATION_90_LEFT,64,-0.002882557212254701,0.01704565417386804,-0.04781843888731673,0.20347099349295908,0.24460041581058628,0.16640041371792041,0.2690710150781671,0.21392632682836007,0.7348777977835387,0.6337032692238688,0.530200516912341,0.84259333083376,-0.7860545158565044,-0.1650407419336959,-0.9266963277339936,0.019967991025077736
ROTATION_90_LEFT,25,-0.010965336928270746,0.1325733964872304,-0.09024774815654753,0.34220278239662655,0.2936639312874049,0.32032920829802985,0.27273314481047156,0.29206258919859823,0.7061663017578422,1.096757491645589,0.5379214665532112,1.1045128306840701,-0.693753394908458,-0.3082368779364973,-0.6404471905261278,0.028453916662203024
ROTATION_90_LEFT,20,-0.0526588482161332,0.12975684798769185,-0.12066226916611196,0.46674863186954296,0.40569975705739375,0.36911510086796956,0.345029619808337,0.30357838939104903,0.9865290112756192,1.027057274888456,0.4527981282800435,1.071150693708478,-0.852951657891646,-0.3373014617161825,-0.6866787803471088,0.12411663585104271
ROTATION_90_LEFT,28,-0.06467976819523026,0.06405873244302346,-0.01419231673628092,0.4415075762080226,0.3877390782110935,0.3984524615402229,0.3607041528110656,0.339928442427321,0.6973823990605771,1.1778728363864124,0.8390273966312408,1.3414391110141122,-1.003441275370866,-0.6761236301936209,-1.0274544575124978,0.016115370151319395
MOVE_FORWARD,42,-0.04315130700626953,-0.043113214249660574,-0.07684632739176353,0.7578240218619221,0.39384669893260804,0.847994796237125,0.80598208599253,0.5382540608505972,0.798531647048518,2.5509225001752376,1.6548650563329457,2.555290695600417,-1.0415019798263907,-1.7414391779363154,-2.337126604759693,0.08699191671056726
MOVE_BACKWARD,52,-0.00962789680449506,-0.08369072992047293,-0.03047053034666639,0.7457782882931163,0.3858145307263832,0.801550875101401,0.7305682897155183,0.48112555248871497,0.7689001866336912,1.475713773319125,1.0050035562515258,2.353401642699245,-0.9936609820473938,-2.3533020790129897,-2.7099276517391204,0.1503559644712441
MOVE_FORWARD,45,0.027624276177724817,-0.08271848857258755,-0.023007327131827675,0.7673262658891002,0.36043259194796,0.8390323587772852,0.825552548317907,0.4893813159589472,0.9044028089918196,1.5826988147884606,1.3617927951067683,2.0773258059226083,-0.9114443250011652,-2.007057176656276,-2.1257570597082376,0.09723437915166011
MOVE_BACKWARD,52,0.022223525582998095,-0.10504039404892648,-0.07488245856183079,0.7189592959925513,0.3687683204394263,0.7530672349421587,0.5900038397852556,0.43337734019850455,1.086284686013311,1.410099729897082,1.3503396732002495,1.8523010058168565,-0.6949879782047123,-1.8517777676172555,-1.3701070344656705,0.00991285035259905
MOVE_FORWARD,40,0.048081929539168775,-0.0604360270361602,-0.09157277744740248,0.8350497851104468,0.36485139224473534,0.9356277513390424,0.9612256807572176,0.5472159593473502,0.7611403662871569,1.9290645670458677,1.7596400205373763,2.2898253821838,-0.8511995535273105,-2.2654696279115973,-2.340468900924921,0.12651451237756312
MOVE_BACKWARD,49,0.05014153672609328,-0.11082925405576823,-0.0477045014798641,0.7938693307289878,0.3509564110519196,0.8317560785281138,0.8434076336801021,0.4321294666264673,1.0483658011812715,1.494205269429833,1.1752525708854198,1.7977600766907662,-0.6902810426227748,-1.7976964872092007,-1.9910878924995656,0.07659259036235286
MOVE_FORWARD,44,0.07898721127997267,-0.08942682754763154,-0.010385040999000738,0.8362085679676755,0.30952483359708205,0.9138294346442956,0.851682563760808,0.4795318475546382,0.6311703897453844,1.609375224789977,1.324933429265022,1.9767415468720473,-0.7096447915233671,-1.924322633215785,-2.338850359812379,0.1254934872271304
MOVE_BACKWARD,51,0.0642541488581917,-0.10259266748845434,-0.030188618657226662,0.7315802437218918,0.36054098146860025,0.7336746904958019,0.5525382513452228,0.3705420796851972,1.0043931692682206,1.4273662142574786,1.3004635893970726,1.5158257280664575,-0.6347292512707412,-1.4389889936424791,-1.7101725175350904,0.13249090302191696
MOVE_FORWARD,44,0.10011944859383402,-0.054899109560403586,-0.007573849393495136,0.8502793515257913,0.3620470098962723,0.9171229486601526,0.8907079058162835,0.49572695551287754,0.8997023762159049,1.7551124601103365,1.6543477544605731,1.832863944829577,-0.5768630454964936,-1.6990262696206568,-2.027363320973516,0.0694879392030284
MOVE_BACKWARD,48,0.06116605598436242,-0.10093315755184738,-0.06439307461480298,0.7951358510452492,0.3696264758485379,0.8078834910713372,0.6832354356381196,0.3972803222544754,0.7964399354662746,1.4789778896816077,1.3312538644582033,1.6797893227939584,-0.8649085646018385,-1.411443107330054,-1.3929232619076966,0.10608166735858988
MOVE_FORWARD,41,0.07550561988960167,-0.07652157473522352,-0.05234068470946169,0.8881459116248811,0.3938689266518576,0.9305689687186643,0.8382639421243154,0.47372319329473106,0.8239594452284276,1.715374470092356,1.752286735165119,1.9379490489425837,-0.7857633508902042,-1.881768562863767,-1.980216369873285,0.07745089828034657
MOVE_BACKWARD,46,0.08083894748975137,-0.10041613364504733,-0.029912348596816463,0.627527598413388,0.2584774820252821,0.6646450676484618,0.5858833810507937,0.35072711752338986,0.6962969419114291,1.1265395395122468,1.1406611499756574,1.6113244353401406,-0.6002947379557415,-1.5818743466630578,-1.0979805306345225,0.047280532986548454
MOVE_FORWARD,41,0.06515920675763426,-0.0831909053417059,-0.0008286096768408521,0.7406814151795723,0.31319245259311146,0.8046858091227419,0.7974397230535759,0.44128243924199373,0.691752649545297,1.1360312982179224,1.6434902603596449,2.1065813906637927,-0.4281709789585322,-2.063220524035394,-1.6994506325125691,0.04891973810180026
MOVE_BACKWARD,48,0.0675771735077394,-0.10197689977879247,0.002064360828821849,0.656904767842666,0.2856069850484848,0.6711257368264838,0.6388665608180937,0.3264356884663684,0.9713978584434836,1.1019291221298275,1.4832231260359283,1.6864590171198113,-0.4951357428697869,-1.6496633960366247,-1.806940700894594,0.07726580919290525
MOVE_FORWARD,40,0.10376967560242627,-0.07761499020336196,-0.03856910698212682,0.7629652378709617,0.4641483810716456,0.7114242773313478,0.7760221995985536,0.3764824299459696,0.9138762283232064,1.1906866521868853,1.1874614795953036,1.7609191815972673,-1.3490410116918383,-1.759898086951673,-2.286826742586493,0.1403289853671793
MOVE_BACKWARD,49,0.049531522874088414,-0.11289594526799127,-0.011813998563800533,0.6109361205948336,0.2802706991188479,0.6734690520867062,0.5167814780939413,0.40817753498063014,0.6433339980088174,1.3362300454355776,1.019618941581249,2.0287197093366713,-0.6195093972418457,-2.02367118845731,-1.0935545308858154,0.08835240618013698
MOVE_FORWARD,45,0.11305233545401754,-0.07977273286915901,-0.047952253402339114,0.6740940074641667,0.3384245250255414,0.6725099458598822,0.8278945625128395,0.34878409210141575,0.8018878986738621,0.8859465303249656,1.6088462324798103,1.562913644362495,-0.572609735433571,-1.5620840429134666,-2.130215208160877,0.17437243053112494
MOVE_BACKWARD,45,0.10300350810636662,-0.11268287966640458,-0.05186726411508191,0.647200917648905,0.26217673441112677,0.70915346990737,0.7397724144550072,0.4087583242080668,0.620205782008171,1.2786641377821564,2.020963975325227,1.9659041609918362,-0.3303873714787885,-1.9638957880608736,-2.120929493421316,0.12273582863434045
MOVE_FORWARD,38,0.03660807574741592,-0.05887938602262816,-0.006083457713378074,0.7839469320038748,0.3938255098996871,0.7882856135216229,0.895453886950848,0.38761672241348794,0.8355000992879271,1.1756455157257617,1.5517530569046736,1.7121939422820889,-1.043386770659685,-1.6876164023339748,-2.6170950542628764,0.12511962377310934
MOVE_BACKWARD,50,0.04081352541037439,-0.11642852085888011,-0.028586241752564908,0.5980540611101697,0.330374433324287,0.6171861067311354,0.5810290163194354,0.37500656010724304,0.9288065248209982,1.144413999703154,0.9967606285631656,1.9395763302613205,-0.7539503817178308,-1.937753046544641,-1.882934391772747,0.08570873345500456
MOVE_FORWARD,41,0.08896303416463579,-0.03742195123081982,-0.047542814985862616,0.7079708568568872,0.35171699837621917,0.7154996691671999,0.7752429868897951,0.3625451909641751,0.8551140235573053,1.0866314536243675,1.338475632405281,1.5694205123836527,-0.5364226062975823,-1.535154534933716,-2.3724913481295107,0.10781134229548316
MOVE_BACKWARD,47,0.054664751304842114,-0.10460838401605713,-0.0077999347157934815,0.6362362501073854,0.3142213968434416,0.6576841356783222,0.5270374468342324,0.3632093299565938,0.8155478829748928,1.0606816773969678,0.890430251610279,1.5000006245903519,-0.7224645256079733,-1.4909236174106597,-1.6744219897180794,0.11537913351553196
MOVE_FORWARD,41,0.07867384715133185,-0.05216765731971986,-0.025642105646031654,0.6955327705614576,0.30774117351212127,0.7407578544668143,0.7358424190281426,0.395854345301514,0.6955658511579036,0.8913618333719671,1.5655582948952913,1.6625859706028316,-0.4302352180119603,-1.6499042190551756,-1.8776853852033613,0.1613929659774214
MOVE_BACKWARD,44,0.07940695071997786,-0.12649086240059274,-0.07301834161376412,0.6409679474497325,0.2882912633932451,0.6672601588443413,0.6146429515714124,0.3616321035845519,0.8043890678398311,1.0512029243033378,1.2499112137675286,1.849334349456742,-0.6346339742027223,-1.730209051130712,-1.4197329429000616,0.16694223627827318
MOVE_FORWARD,40,0.04232929908087593,-0.059588574414076265,-0.04384565914556386,0.757128443823824,0.3390174637315,0.788609018309448,0.6884302428629141,0.3929052683847453,0.6166141141917556,1.4212509462475775,2.012115482959151,1.5539144543734873,-0.6603493571523577,-1.5483051084078847,-1.3520698579937218,0.1566685231709406
MOVE_BACKWARD,46,0.05466614130405707,-0.12143357994960939,0.01658208546955948,0.5611326680617417,0.2909499968279829,0.5731911306450026,0.44768160326234113,0.3308498071095188,0.8923241755980997,1.109793571894616,0.951313467118144,1.891127453743183,-0.4828178573600947,-1.8296907312326127,-1.1116390536308287,0.01184947290436983
MOVE_FORWARD,40,0.08755605867004546,-0.026563827888958624,-0.06955487538926301,0.6848842296833106,0.3511622471254838,0.6812308831658771,0.8026397066265699,0.33894401818770353,0.7659838607955723,1.29782038141191,1.096937159061432,1.4916743568675883,-0.4940757124228402,-1.40747347304672,-2.0543553727954627,0.2151738084127152
MOVE_BACKWARD,46,0.04208580448557065,-0.13322808646532586,-0.006147848751752271,0.5864158204416574,0.2874608216046453,0.6142150359866956,0.5245241329120696,0.3582222782467702,0.7388019124247134,0.9440771591890604,0.9461971470177172,1.5458834138926076,-0.5385252776652574,-1.4832526443913578,-1.1639040783971548,0.04177142858530038
MOVE_FORWARD,43,0.0728779188222696,-0.013536456474471232,-0.029094848929796087,0.6102428121927518,0.3737490533190494,0.614884959594208,0.7803291662731516,0.37700695831642694,0.849790271251276,1.0710228925388303,1.652947240012884,1.4663381114000316,-0.5887299723682925,-1.4399034781388935,-1.5075783996134997,0.02205534350495401
MOVE_BACKWARD,47,0.050847511283355344,-0.128909653833881,-0.01935537282627949,0.6365755769153584,0.3828053005678196,0.6171080420262027,0.574298348330853,0.3646163497796195,0.676038436128199,1.124998374484852,1.0400269388377663,1.8236680657341153,-1.6297766461752354,-1.4037833863571283,-1.5492951423585417,0.17060005732577968
MOVE_FORWARD,39,0.09167017031604996,-0.02847936964372222,-0.03081567928172076,0.6958272157439591,0.3173043553916295,0.7334351007717536,0.7593877938412209,0.3887789953778384,0.8340727698985487,1.149985735420883,1.8732500331044195,1.8147926792024427,-0.6128073788525537,-1.8133746794648469,-1.5108704268962143,0.07429910835729596
MOVE_BACKWARD,46,0.057576236854096796,-0.1258140862643395,-0.06883112483290228,0.6126947807746176,0.31646686722515727,0.6269874242671568,0.6154272175963068,0.35930090352056804,0.9583395663626492,1.1759570658929646,1.145770455813408,1.4743790124200338,-0.7344558460444212,-1.463231308364868,-1.7283692684829235,0.011327562478745518
MOVE_FORWARD,41,0.061034445621910294,-0.015109890848398196,-0.06304882633925937,0.6988994800202096,0.35331476409851276,0.727758198976069,0.6777109289277583,0.39729544877548856,0.7822697366207838,1.2869606953538957,1.9152631284475323,1.668099512211184,-0.6321469796925783,-1.664259638274461,-1.3118857316434382,0.06037767327007295
MOVE_BACKWARD,46,0.04384409904393328,-0.11696930672412574,-0.030373942991702464,0.6027093160017107,0.27052806796491924,0.6246457093584162,0.6611678000711407,0.32861474202575275,0.6965648721326142,1.345623458333313,1.4865852959454058,1.482190779261779,-0.4516937107020989,-1.3535478215917944,-2.062276228922605,0.08007592268152117
